#
# A fatal error has been detected by the Java Runtime Environment:
#
#  SIGSEGV (0xb) at pc=0x0000700a4e72bd70, pid=65088, tid=65089
#
# JRE version: OpenJDK Runtime Environment (17.0.19+10) (build 17.0.19+10-1-26.04.2-Ubuntu)
# Java VM: OpenJDK 64-Bit Server VM (17.0.19+10-1-26.04.2-Ubuntu, mixed mode, sharing, tiered, compressed oops, compressed class ptrs, g1 gc, linux-amd64)
# Problematic frame:
# C  [libunicorn.so+0x12bd70]  page_collection_lock_arm+0xb0
#
# Core dump will be written. Default location: Core dumps may be processed with "/usr/share/apport/apport -p%p -s%s -c%c -d%d -P%P -u%u -g%g -F%F -- %E" (or dumping to /home/nestor/xtv-ghidra/harness/core.65088)
#
# If you would like to submit a bug report, please visit:
#   https://bugs.launchpad.net/ubuntu/+source/openjdk-17
# The crash happened outside the Java Virtual Machine in native code.
# See problematic frame for where to report the bug.
#

---------------  S U M M A R Y ------------

Command Line: -Xmx3g -Djava.library.path=~/xtv-ghidra/nativelib com.xtv.Unpack

Host: Intel(R) Core(TM) i7-9750H CPU @ 2.60GHz, 12 cores, 30G, Ubuntu 26.04 LTS
Time: Thu Jul 30 02:18:41 2026 -03 elapsed time: 60.590155 seconds (0d 0h 1m 0s)

---------------  T H R E A D  ---------------

Current thread (0x0000700ac8018460):  JavaThread "main" [_thread_in_native, id=65089, stack(0x0000700ace900000,0x0000700acea00000)]

Stack: [0x0000700ace900000,0x0000700acea00000],  sp=0x0000700ace9fcf20,  free space=1011k
Native frames: (J=compiled Java code, j=interpreted, Vv=VM code, C=native code)
C  [libunicorn.so+0x12bd70]  page_collection_lock_arm+0xb0

Java frames: (J=compiled Java code, j=interpreted, Vv=VM code)
j  com.github.unidbg.arm.backend.unicorn.Unicorn.emu_start(JJJJJ)V+0
j  com.github.unidbg.arm.backend.unicorn.Unicorn.emu_start(JJJJ)V+10
j  com.github.unidbg.arm.backend.Unicorn2Backend.emu_start(JJJJ)V+10
v  ~StubRoutines::call_stub
j  jdk.internal.reflect.NativeMethodAccessorImpl.invoke0(Ljava/lang/reflect/Method;Ljava/lang/Object;[Ljava/lang/Object;)Ljava/lang/Object;+0 java.base@17.0.19
j  jdk.internal.reflect.NativeMethodAccessorImpl.invoke(Ljava/lang/Object;[Ljava/lang/Object;)Ljava/lang/Object;+133 java.base@17.0.19
j  jdk.internal.reflect.DelegatingMethodAccessorImpl.invoke(Ljava/lang/Object;[Ljava/lang/Object;)Ljava/lang/Object;+6 java.base@17.0.19
j  java.lang.reflect.Method.invoke(Ljava/lang/Object;[Ljava/lang/Object;)Ljava/lang/Object;+59 java.base@17.0.19
j  com.xtv.Unpack$42.invoke(Ljava/lang/Object;Ljava/lang/reflect/Method;[Ljava/lang/Object;)Ljava/lang/Object;+126
j  jdk.proxy2.$Proxy2.emu_start(JJJJ)V+42 jdk.proxy2
j  com.github.unidbg.AbstractEmulator.emulate(JJ)Ljava/lang/Number;+131
j  com.github.unidbg.thread.Function32.run(Lcom/github/unidbg/AbstractEmulator;)Ljava/lang/Number;+89
j  com.github.unidbg.thread.MainTask.dispatch(Lcom/github/unidbg/AbstractEmulator;)Ljava/lang/Number;+19
j  com.github.unidbg.thread.UniThreadDispatcher.run(JLjava/util/concurrent/TimeUnit;)Ljava/lang/Number;+337
j  com.github.unidbg.thread.UniThreadDispatcher.runMainForResult(Lcom/github/unidbg/thread/MainTask;)Ljava/lang/Number;+25
j  com.github.unidbg.AbstractEmulator.runMainForResult(Lcom/github/unidbg/thread/MainTask;)Ljava/lang/Number;+25
j  com.github.unidbg.arm.AbstractARMEmulator.eFunc(J[Ljava/lang/Number;)Ljava/lang/Number;+21
j  com.github.unidbg.Module.emulateFunction(Lcom/github/unidbg/Emulator;J[Ljava/lang/Object;)Ljava/lang/Number;+242
j  com.github.unidbg.linux.android.dvm.DvmObject.callJniMethod(Lcom/github/unidbg/Emulator;Lcom/github/unidbg/linux/android/dvm/VM;Lcom/github/unidbg/linux/android/dvm/DvmClass;Lcom/github/unidbg/linux/android/dvm/DvmObject;Ljava/lang/String;[Ljava/lang/Object;)Ljava/lang/Number;+302
j  com.github.unidbg.linux.android.dvm.DvmClass.callStaticJniMethodInt(Lcom/github/unidbg/Emulator;Ljava/lang/String;[Ljava/lang/Object;)I+9
j  com.github.unidbg.linux.android.dvm.DvmClass.callStaticJniMethodBoolean(Lcom/github/unidbg/Emulator;Ljava/lang/String;[Ljava/lang/Object;)Z+4
j  com.xtv.Unpack.<init>()V+8007
j  com.xtv.Unpack.main([Ljava/lang/String;)V+4
v  ~StubRoutines::call_stub

siginfo: si_signo: 11 (SIGSEGV), si_code: 128 (SI_KERNEL), si_addr: 0x0000000000000000

Registers:
RAX=0x0000000000000000, RBX=0x0000000000000000, RCX=0x0e0000040e000004, RDX=0x0000700ac83ed330
RSP=0x0000700ace9fcf20, RBP=0x0000700ac83ae740, RSI=0x0000000000000400, RDI=0x0000700ac83ae740
R8 =0x0000000000000000, R9 =0x0000700ac8000038, R10=0x0000000000000030, R11=0x0000700ac8000030
R12=0x0000700ac8753ef0, R13=0x000000000000a6bf, R14=0x000000000000a6bf, R15=0x0e0000040e000004
RIP=0x0000700a4e72bd70, EFLAGS=0x0000000000010202, CSGSFS=0x002b000000000033, ERR=0x0000000000000000
  TRAPNO=0x000000000000000d

XMM[0]=0x0000700ac860dbe0 0x0000000000000009
XMM[1]=0x0000700ac860dbe0 0x0000000000000009
XMM[2]=0x0000000000000000 0x0000700ac82ea9b0
XMM[3]=0x0000000000000000 0x3872203078303d37
XMM[4]=0x0000000000000000 0x78303d726c203078
XMM[5]=0x0000000000000000 0x3330323178303d31
XMM[6]=0x0000000000000000 0x0000700ac8000038
XMM[7]=0x0000000000000000 0x3d35722030303030
XMM[8]=0x0000000000000000 0x00b72a0500000001
XMM[9]=0x0000000000000000 0x0000000000000001
XMM[10]=0x0000000000000000 0x0000000000000000
XMM[11]=0x0000000000000000 0x9999999999999999
XMM[12]=0x0000000000000000 0x2020202020202020
XMM[13]=0x0000000000000000 0x12835b01d807aa98
XMM[14]=0x0000000000000000 0x59f111f13956c25b
XMM[15]=0x0000000000000000 0x0000000000000000
  MXCSR=0x00001fa0


Register to memory mapping:

RAX=0x0 is NULL
RBX=0x0 is NULL
RCX=0x0e0000040e000004 is an unknown value
RDX=0x0000700ac83ed330 points into unknown readable memory: 0x0000700ac8638430 | 30 84 63 c8 0a 70 00 00
RSP=0x0000700ace9fcf20 is pointing into the stack for thread: 0x0000700ac8018460
RBP=0x0000700ac83ae740 points into unknown readable memory: 0x0000000000000001 | 01 00 00 00 00 00 00 00
RSI=0x0000000000000400 is an unknown value
RDI=0x0000700ac83ae740 points into unknown readable memory: 0x0000000000000001 | 01 00 00 00 00 00 00 00
R8 =0x0 is NULL
R9 =0x0000700ac8000038 points into unknown readable memory: 0x0000700ac9c95f10 | 10 5f c9 c9 0a 70 00 00
R10=0x0000000000000030 is an unknown value
R11=0x0000700ac8000030 points into unknown readable memory: 0x0000000200000000 | 00 00 00 00 02 00 00 00
R12=0x0000700ac8753ef0 points into unknown readable memory: 0x0000700ac871f310 | 10 f3 71 c8 0a 70 00 00
R13=0x000000000000a6bf is an unknown value
R14=0x000000000000a6bf is an unknown value
R15=0x0e0000040e000004 is an unknown value


Top of Stack: (sp=0x0000700ace9fcf20)
0x0000700ace9fcf20:   0000000000000000 000000000000a6bf
0x0000700ace9fcf30:   0000000000000004 00000000029afe00
0x0000700ace9fcf40:   0000000000000004 0000700ac83fd340
0x0000700ace9fcf50:   0000000000000000 0000000000000100
0x0000700ace9fcf60:   0000000001fffe00 0000700a4e6ac5e0
0x0000700ace9fcf70:   0000000025b2dfff 00007009ed7c5d76
0x0000700ace9fcf80:   0000700ac8680850 0000000001fffe00
0x0000700ace9fcf90:   0000700ac8680850 0000700ac8406a30
0x0000700ace9fcfa0:   0000000000000000 0000700a4e731cda
0x0000700ace9fcfb0:   00007009ed7c5d76 0000000002000000
0x0000700ace9fcfc0:   0000000000000000 ff00000002000000
0x0000700ace9fcfd0:   00000000000000ff 0000000000000000
0x0000700ace9fcfe0:   00007009ed7c5d76 0000700ac8406a30
0x0000700ace9fcff0:   0000002000000000 0000000000000000
0x0000700ace9fd000:   0000000000000000 0000000002000000
0x0000700ace9fd010:   0000700ac8406a30 0000000001fffe00
0x0000700ace9fd020:   0000000000000000 000000001208d670
0x0000700ace9fd030:   0000700ac83fd340 00007009ed7c5d76
0x0000700ace9fd040:   0000700ac83d5d50 0000700a4e73f179
0x0000700ace9fd050:   0000700ac83d5d18 0000700ac83d5300
0x0000700ace9fd060:   0000700ac83d5c70 0000700a4e73f179
0x0000700ace9fd070:   0000700ac83d57d8 0000700a4e8567c1
0x0000700ace9fd080:   0000700ac83d5d50 0000700a4e6be1bc
0x0000700ace9fd090:   0000000000048000 0000000012000078
0x0000700ace9fd0a0:   0000000012000078 0000700a4e767a4e
0x0000700ace9fd0b0:   0000700ac83d5300 0000700ac83d5300
0x0000700ace9fd0c0:   0000700a4e713080 0000700a4e73f179
0x0000700ace9fd0d0:   0000000000000000 0000700a4e73f1e9
0x0000700ace9fd0e0:   0000000012000078 0000700ac83d5300
0x0000700ace9fd0f0:   0000700ace9fd2d0 0000700ac83d5c70
0x0000700ace9fd100:   0000700ac83d5ca8 0000700ac83d5ce0
0x0000700ace9fd110:   0000000012000078 0000700a4e8151c5 

Instructions: (pc=0x0000700a4e72bd70)
0x0000700a4e72bc70:   48 89 c2 49 8d 48 06 48 8b 04 ca 41 89 c0 41 83
0x0000700a4e72bc80:   e0 01 48 83 e0 fe 74 19 48 39 c6 75 e3 48 8d 3c
0x0000700a4e72bc90:   ca 49 83 c0 06 4a 8b 04 c0 48 89 07 48 83 c4 08
0x0000700a4e72bca0:   c3 48 8d 3d a0 1a 15 00 31 d2 be 04 05 00 00 e8
0x0000700a4e72bcb0:   fc bf f7 ff 66 90 66 2e 0f 1f 84 00 00 00 00 00
0x0000700a4e72bcc0:   41 57 41 56 49 89 d6 41 55 41 54 55 48 89 fd bf
0x0000700a4e72bcd0:   10 00 00 00 53 48 83 ec 18 48 89 74 24 08 e8 1d
0x0000700a4e72bce0:   ab f7 ff 49 89 c4 48 8b 85 68 02 00 00 8b 48 04
0x0000700a4e72bcf0:   48 d3 6c 24 08 49 d3 ee 4c 39 74 24 08 0f 87 d1
0x0000700a4e72bd00:   00 00 00 48 8d 0d 86 fc ff ff 48 8d 3d af fa ff
0x0000700a4e72bd10:   ff 31 d2 31 f6 e8 06 aa f7 ff 49 c7 44 24 08 00
0x0000700a4e72bd20:   00 00 00 49 89 04 24 66 0f 1f 84 00 00 00 00 00
0x0000700a4e72bd30:   4c 8b 6c 24 08 31 d2 4c 89 ee 48 89 ef e8 ce fc
0x0000700a4e72bd40:   ff ff 48 85 c0 48 89 c3 74 6b 48 8b 85 68 02 00
0x0000700a4e72bd50:   00 4c 89 ea 4c 89 e6 48 89 ef 8b 48 04 48 d3 e2
0x0000700a4e72bd60:   e8 ab fd ff ff 84 c0 75 c7 48 8b 0b eb 39 66 90
0x0000700a4e72bd70:   48 8b 51 40 4c 89 e6 48 89 ef e8 91 fd ff ff 84
0x0000700a4e72bd80:   c0 75 ad 49 8b 57 48 48 83 fa ff 74 0f 4c 89 e6
0x0000700a4e72bd90:   48 89 ef e8 78 fd ff ff 84 c0 75 94 48 63 db 48
0x0000700a4e72bda0:   83 c3 06 49 8b 0c df 89 cb 83 e3 01 48 83 e1 fe
0x0000700a4e72bdb0:   49 89 cf 75 bb 49 83 c5 01 4d 39 ee 0f 83 73 ff
0x0000700a4e72bdc0:   ff ff 48 83 c4 18 4c 89 e0 5b 5d 41 5c 41 5d 41
0x0000700a4e72bdd0:   5e 41 5f c3 48 8d 15 2b 1a 15 00 48 8d 3d 66 19
0x0000700a4e72bde0:   15 00 be 93 02 00 00 e8 c4 be f7 ff 0f 1f 40 00
0x0000700a4e72bdf0:   53 48 89 fb 48 8b 3f e8 b4 bc f7 ff 48 89 df 5b
0x0000700a4e72be00:   e9 fb ab f7 ff 90 66 2e 0f 1f 84 00 00 00 00 00
0x0000700a4e72be10:   48 8b 87 c0 02 00 00 48 8b b8 a8 00 00 00 48 85
0x0000700a4e72be20:   ff 74 18 48 83 ec 08 48 8b b0 b0 00 00 00 e8 ad
0x0000700a4e72be30:   df f7 ff 85 c0 75 09 48 83 c4 08 f3 c3 0f 1f 00
0x0000700a4e72be40:   48 8d 3d cc 19 15 00 48 83 c4 08 e9 d0 e8 f7 ff
0x0000700a4e72be50:   41 55 41 54 55 53 48 89 fb 48 83 ec 08 48 85 ff
0x0000700a4e72be60:   74 66 48 8b 87 a0 02 00 00 48 85 c0 74 5a 44 8b 


Stack slot to memory mapping:
stack at sp + 0 slots: 0x0 is NULL
stack at sp + 1 slots: 0x000000000000a6bf is an unknown value
stack at sp + 2 slots: 0x0000000000000004 is an unknown value
stack at sp + 3 slots: 0x00000000029afe00 is an unknown value
stack at sp + 4 slots: 0x0000000000000004 is an unknown value
stack at sp + 5 slots: 0x0000700ac83fd340 points into unknown readable memory: 0x0000000100000001 | 01 00 00 00 01 00 00 00
stack at sp + 6 slots: 0x0 is NULL
stack at sp + 7 slots: 0x0000000000000100 is an unknown value


---------------  P R O C E S S  ---------------

Threads class SMR info:
_java_thread_list=0x00007009b0001760, length=11, elements={
0x0000700ac8018460, 0x0000700ac81fbd30, 0x0000700ac81fd120, 0x0000700ac82026c0,
0x0000700ac8203a80, 0x0000700ac8204ea0, 0x0000700ac8206860, 0x0000700ac8207da0,
0x0000700ac8211210, 0x0000700ac8218c50, 0x0000700ac821c3e0
}

Java Threads: ( => current thread )
=>0x0000700ac8018460 JavaThread "main" [_thread_in_native, id=65089, stack(0x0000700ace900000,0x0000700acea00000)]
  0x0000700ac81fbd30 JavaThread "Reference Handler" daemon [_thread_blocked, id=65096, stack(0x0000700aa8c29000,0x0000700aa8d29000)]
  0x0000700ac81fd120 JavaThread "Finalizer" daemon [_thread_blocked, id=65097, stack(0x0000700aa8b29000,0x0000700aa8c29000)]
  0x0000700ac82026c0 JavaThread "Signal Dispatcher" daemon [_thread_blocked, id=65098, stack(0x0000700aa8a29000,0x0000700aa8b29000)]
  0x0000700ac8203a80 JavaThread "Service Thread" daemon [_thread_blocked, id=65099, stack(0x0000700aa8300000,0x0000700aa8400000)]
  0x0000700ac8204ea0 JavaThread "Monitor Deflation Thread" daemon [_thread_blocked, id=65100, stack(0x0000700aa8200000,0x0000700aa8300000)]
  0x0000700ac8206860 JavaThread "C2 CompilerThread0" daemon [_thread_blocked, id=65101, stack(0x0000700aa8100000,0x0000700aa8200000)]
  0x0000700ac8207da0 JavaThread "C1 CompilerThread0" daemon [_thread_blocked, id=65102, stack(0x0000700aa8000000,0x0000700aa8100000)]
  0x0000700ac8211210 JavaThread "Sweeper thread" daemon [_thread_blocked, id=65103, stack(0x0000700a4ef00000,0x0000700a4f000000)]
  0x0000700ac8218c50 JavaThread "Notification Thread" daemon [_thread_blocked, id=65104, stack(0x0000700a4ee00000,0x0000700a4ef00000)]
  0x0000700ac821c3e0 JavaThread "Common-Cleaner" daemon [_thread_blocked, id=65106, stack(0x0000700a4ebff000,0x0000700a4ecff000)]

Other Threads:
  0x0000700ac81f7ea0 VMThread "VM Thread" [stack: 0x0000700aa8d2a000,0x0000700aa8e2a000] [id=65095]
  0x0000700ac821a5a0 WatcherThread [stack: 0x0000700a4ed00000,0x0000700a4ee00000] [id=65105]
  0x0000700ac8073060 GCTaskThread "GC Thread#0" [stack: 0x0000700acc900000,0x0000700acca00000] [id=65090]
  0x0000700a480062c0 GCTaskThread "GC Thread#1" [stack: 0x0000700a4dd00000,0x0000700a4de00000] [id=65108]
  0x0000700a48006cf0 GCTaskThread "GC Thread#2" [stack: 0x0000700a4d900000,0x0000700a4da00000] [id=65109]
  0x0000700a48007720 GCTaskThread "GC Thread#3" [stack: 0x0000700a4d700000,0x0000700a4d800000] [id=65110]
  0x0000700a48008150 GCTaskThread "GC Thread#4" [stack: 0x0000700a4d500000,0x0000700a4d600000] [id=65111]
  0x0000700a48008b80 GCTaskThread "GC Thread#5" [stack: 0x0000700a4d300000,0x0000700a4d400000] [id=65112]
  0x0000700a480099c0 GCTaskThread "GC Thread#6" [stack: 0x0000700a4d100000,0x0000700a4d200000] [id=65113]
  0x0000700a4800a820 GCTaskThread "GC Thread#7" [stack: 0x0000700a4cf00000,0x0000700a4d000000] [id=65114]
  0x0000700a4800b680 GCTaskThread "GC Thread#8" [stack: 0x0000700a4cd00000,0x0000700a4ce00000] [id=65115]
  0x0000700a4800c4e0 GCTaskThread "GC Thread#9" [stack: 0x0000700a4cb00000,0x0000700a4cc00000] [id=65116]
  0x0000700ac8080690 ConcurrentGCThread "G1 Main Marker" [stack: 0x0000700acc7ff000,0x0000700acc8ff000] [id=65091]
  0x0000700ac8081610 ConcurrentGCThread "G1 Conc#0" [stack: 0x0000700acc6fe000,0x0000700acc7fe000] [id=65092]
  0x0000700ac81ca6b0 ConcurrentGCThread "G1 Refine#0" [stack: 0x0000700aa8ffd000,0x0000700aa90fd000] [id=65093]
  0x0000700ac81cb5c0 ConcurrentGCThread "G1 Service" [stack: 0x0000700aa8efc000,0x0000700aa8ffc000] [id=65094]

Threads with active compile tasks:

VM state: not at safepoint (normal execution)

VM Mutex/Monitor currently owned by a thread: None

Heap address: 0x0000000740000000, size: 3072 MB, Compressed Oops mode: Zero based, Oop shift amount: 3

CDS archive(s) mapped at: [0x0000700a53000000-0x0000700a53bc7000-0x0000700a53bc7000), size 12349440, SharedBaseAddress: 0x0000700a53000000, ArchiveRelocationMode: 1.
Compressed class space mapped at: 0x0000700a54000000-0x0000700a94000000, reserved size: 1073741824
Narrow klass base: 0x0000700a53000000, Narrow klass shift: 0, Narrow klass range: 0x100000000

GC Precious Log:
 CPUs: 12 total, 12 available
 Memory: 31321M
 Large Page Support: Disabled
 NUMA Support: Disabled
 Compressed Oops: Enabled (Zero based)
 Heap Region Size: 2M
 Heap Min Capacity: 8M
 Heap Initial Capacity: 490M
 Heap Max Capacity: 3G
 Pre-touch: Disabled
 Parallel Workers: 10
 Concurrent Workers: 3
 Concurrent Refinement Workers: 10
 Periodic GC: Disabled

Heap:
 garbage-first heap   total 505856K, used 23990K [0x0000000740000000, 0x0000000800000000)
  region size 2048K, 8 young (16384K), 2 survivors (4096K)
 Metaspace       used 7165K, committed 7424K, reserved 1114112K
  class space    used 871K, committed 960K, reserved 1048576K

Heap Regions: E=young(eden), S=young(survivor), O=old, HS=humongous(starts), HC=humongous(continues), CS=collection set, F=free, OA=open archive, CA=closed archive, TAMS=top-at-mark-start (previous, next)
|   0|0x0000000740000000, 0x0000000740180a00, 0x0000000740200000| 75%| O|  |TAMS 0x0000000740000000, 0x0000000740000000| Untracked 
|   1|0x0000000740200000, 0x0000000740400000, 0x0000000740400000|100%|HS|  |TAMS 0x0000000740200000, 0x0000000740200000| Complete 
|   2|0x0000000740400000, 0x0000000740600000, 0x0000000740600000|100%|HC|  |TAMS 0x0000000740400000, 0x0000000740400000| Complete 
|   3|0x0000000740600000, 0x0000000740800000, 0x0000000740800000|100%|HC|  |TAMS 0x0000000740600000, 0x0000000740600000| Complete 
|   4|0x0000000740800000, 0x0000000740800000, 0x0000000740a00000|  0%| F|  |TAMS 0x0000000740800000, 0x0000000740800000| Untracked 
|   5|0x0000000740a00000, 0x0000000740a00000, 0x0000000740c00000|  0%| F|  |TAMS 0x0000000740a00000, 0x0000000740a00000| Untracked 
|   6|0x0000000740c00000, 0x0000000740c00000, 0x0000000740e00000|  0%| F|  |TAMS 0x0000000740c00000, 0x0000000740c00000| Untracked 
|   7|0x0000000740e00000, 0x0000000740e00000, 0x0000000741000000|  0%| F|  |TAMS 0x0000000740e00000, 0x0000000740e00000| Untracked 
|   8|0x0000000741000000, 0x0000000741000000, 0x0000000741200000|  0%| F|  |TAMS 0x0000000741000000, 0x0000000741000000| Untracked 
|   9|0x0000000741200000, 0x0000000741200000, 0x0000000741400000|  0%| F|  |TAMS 0x0000000741200000, 0x0000000741200000| Untracked 
|  10|0x0000000741400000, 0x0000000741400000, 0x0000000741600000|  0%| F|  |TAMS 0x0000000741400000, 0x0000000741400000| Untracked 
|  11|0x0000000741600000, 0x0000000741600000, 0x0000000741800000|  0%| F|  |TAMS 0x0000000741600000, 0x0000000741600000| Untracked 
|  12|0x0000000741800000, 0x0000000741800000, 0x0000000741a00000|  0%| F|  |TAMS 0x0000000741800000, 0x0000000741800000| Untracked 
|  13|0x0000000741a00000, 0x0000000741a00000, 0x0000000741c00000|  0%| F|  |TAMS 0x0000000741a00000, 0x0000000741a00000| Untracked 
|  14|0x0000000741c00000, 0x0000000741c00000, 0x0000000741e00000|  0%| F|  |TAMS 0x0000000741c00000, 0x0000000741c00000| Untracked 
|  15|0x0000000741e00000, 0x0000000741e00000, 0x0000000742000000|  0%| F|  |TAMS 0x0000000741e00000, 0x0000000741e00000| Untracked 
|  16|0x0000000742000000, 0x0000000742000000, 0x0000000742200000|  0%| F|  |TAMS 0x0000000742000000, 0x0000000742000000| Untracked 
|  17|0x0000000742200000, 0x0000000742200000, 0x0000000742400000|  0%| F|  |TAMS 0x0000000742200000, 0x0000000742200000| Untracked 
|  18|0x0000000742400000, 0x0000000742400000, 0x0000000742600000|  0%| F|  |TAMS 0x0000000742400000, 0x0000000742400000| Untracked 
|  19|0x0000000742600000, 0x0000000742600000, 0x0000000742800000|  0%| F|  |TAMS 0x0000000742600000, 0x0000000742600000| Untracked 
|  20|0x0000000742800000, 0x0000000742800000, 0x0000000742a00000|  0%| F|  |TAMS 0x0000000742800000, 0x0000000742800000| Untracked 
|  21|0x0000000742a00000, 0x0000000742a00000, 0x0000000742c00000|  0%| F|  |TAMS 0x0000000742a00000, 0x0000000742a00000| Untracked 
|  22|0x0000000742c00000, 0x0000000742c00000, 0x0000000742e00000|  0%| F|  |TAMS 0x0000000742c00000, 0x0000000742c00000| Untracked 
|  23|0x0000000742e00000, 0x0000000742e00000, 0x0000000743000000|  0%| F|  |TAMS 0x0000000742e00000, 0x0000000742e00000| Untracked 
|  24|0x0000000743000000, 0x0000000743000000, 0x0000000743200000|  0%| F|  |TAMS 0x0000000743000000, 0x0000000743000000| Untracked 
|  25|0x0000000743200000, 0x0000000743200000, 0x0000000743400000|  0%| F|  |TAMS 0x0000000743200000, 0x0000000743200000| Untracked 
|  26|0x0000000743400000, 0x0000000743400000, 0x0000000743600000|  0%| F|  |TAMS 0x0000000743400000, 0x0000000743400000| Untracked 
|  27|0x0000000743600000, 0x0000000743600000, 0x0000000743800000|  0%| F|  |TAMS 0x0000000743600000, 0x0000000743600000| Untracked 
|  28|0x0000000743800000, 0x0000000743800000, 0x0000000743a00000|  0%| F|  |TAMS 0x0000000743800000, 0x0000000743800000| Untracked 
|  29|0x0000000743a00000, 0x0000000743a00000, 0x0000000743c00000|  0%| F|  |TAMS 0x0000000743a00000, 0x0000000743a00000| Untracked 
|  30|0x0000000743c00000, 0x0000000743c00000, 0x0000000743e00000|  0%| F|  |TAMS 0x0000000743c00000, 0x0000000743c00000| Untracked 
|  31|0x0000000743e00000, 0x0000000743e00000, 0x0000000744000000|  0%| F|  |TAMS 0x0000000743e00000, 0x0000000743e00000| Untracked 
|  32|0x0000000744000000, 0x0000000744000000, 0x0000000744200000|  0%| F|  |TAMS 0x0000000744000000, 0x0000000744000000| Untracked 
|  33|0x0000000744200000, 0x0000000744200000, 0x0000000744400000|  0%| F|  |TAMS 0x0000000744200000, 0x0000000744200000| Untracked 
|  34|0x0000000744400000, 0x0000000744400000, 0x0000000744600000|  0%| F|  |TAMS 0x0000000744400000, 0x0000000744400000| Untracked 
|  35|0x0000000744600000, 0x0000000744600000, 0x0000000744800000|  0%| F|  |TAMS 0x0000000744600000, 0x0000000744600000| Untracked 
|  36|0x0000000744800000, 0x0000000744800000, 0x0000000744a00000|  0%| F|  |TAMS 0x0000000744800000, 0x0000000744800000| Untracked 
|  37|0x0000000744a00000, 0x0000000744a00000, 0x0000000744c00000|  0%| F|  |TAMS 0x0000000744a00000, 0x0000000744a00000| Untracked 
|  38|0x0000000744c00000, 0x0000000744c00000, 0x0000000744e00000|  0%| F|  |TAMS 0x0000000744c00000, 0x0000000744c00000| Untracked 
|  39|0x0000000744e00000, 0x0000000744e00000, 0x0000000745000000|  0%| F|  |TAMS 0x0000000744e00000, 0x0000000744e00000| Untracked 
|  40|0x0000000745000000, 0x0000000745000000, 0x0000000745200000|  0%| F|  |TAMS 0x0000000745000000, 0x0000000745000000| Untracked 
|  41|0x0000000745200000, 0x0000000745200000, 0x0000000745400000|  0%| F|  |TAMS 0x0000000745200000, 0x0000000745200000| Untracked 
|  42|0x0000000745400000, 0x0000000745400000, 0x0000000745600000|  0%| F|  |TAMS 0x0000000745400000, 0x0000000745400000| Untracked 
|  43|0x0000000745600000, 0x0000000745600000, 0x0000000745800000|  0%| F|  |TAMS 0x0000000745600000, 0x0000000745600000| Untracked 
|  44|0x0000000745800000, 0x0000000745800000, 0x0000000745a00000|  0%| F|  |TAMS 0x0000000745800000, 0x0000000745800000| Untracked 
|  45|0x0000000745a00000, 0x0000000745a00000, 0x0000000745c00000|  0%| F|  |TAMS 0x0000000745a00000, 0x0000000745a00000| Untracked 
|  46|0x0000000745c00000, 0x0000000745c00000, 0x0000000745e00000|  0%| F|  |TAMS 0x0000000745c00000, 0x0000000745c00000| Untracked 
|  47|0x0000000745e00000, 0x0000000745e00000, 0x0000000746000000|  0%| F|  |TAMS 0x0000000745e00000, 0x0000000745e00000| Untracked 
|  48|0x0000000746000000, 0x0000000746000000, 0x0000000746200000|  0%| F|  |TAMS 0x0000000746000000, 0x0000000746000000| Untracked 
|  49|0x0000000746200000, 0x0000000746200000, 0x0000000746400000|  0%| F|  |TAMS 0x0000000746200000, 0x0000000746200000| Untracked 
|  50|0x0000000746400000, 0x0000000746400000, 0x0000000746600000|  0%| F|  |TAMS 0x0000000746400000, 0x0000000746400000| Untracked 
|  51|0x0000000746600000, 0x0000000746600000, 0x0000000746800000|  0%| F|  |TAMS 0x0000000746600000, 0x0000000746600000| Untracked 
|  52|0x0000000746800000, 0x0000000746800000, 0x0000000746a00000|  0%| F|  |TAMS 0x0000000746800000, 0x0000000746800000| Untracked 
|  53|0x0000000746a00000, 0x0000000746a00000, 0x0000000746c00000|  0%| F|  |TAMS 0x0000000746a00000, 0x0000000746a00000| Untracked 
|  54|0x0000000746c00000, 0x0000000746c00000, 0x0000000746e00000|  0%| F|  |TAMS 0x0000000746c00000, 0x0000000746c00000| Untracked 
|  55|0x0000000746e00000, 0x0000000746e00000, 0x0000000747000000|  0%| F|  |TAMS 0x0000000746e00000, 0x0000000746e00000| Untracked 
|  56|0x0000000747000000, 0x0000000747000000, 0x0000000747200000|  0%| F|  |TAMS 0x0000000747000000, 0x0000000747000000| Untracked 
|  57|0x0000000747200000, 0x0000000747200000, 0x0000000747400000|  0%| F|  |TAMS 0x0000000747200000, 0x0000000747200000| Untracked 
|  58|0x0000000747400000, 0x0000000747400000, 0x0000000747600000|  0%| F|  |TAMS 0x0000000747400000, 0x0000000747400000| Untracked 
|  59|0x0000000747600000, 0x0000000747600000, 0x0000000747800000|  0%| F|  |TAMS 0x0000000747600000, 0x0000000747600000| Untracked 
|  60|0x0000000747800000, 0x0000000747800000, 0x0000000747a00000|  0%| F|  |TAMS 0x0000000747800000, 0x0000000747800000| Untracked 
|  61|0x0000000747a00000, 0x0000000747a00000, 0x0000000747c00000|  0%| F|  |TAMS 0x0000000747a00000, 0x0000000747a00000| Untracked 
|  62|0x0000000747c00000, 0x0000000747c00000, 0x0000000747e00000|  0%| F|  |TAMS 0x0000000747c00000, 0x0000000747c00000| Untracked 
|  63|0x0000000747e00000, 0x0000000747e00000, 0x0000000748000000|  0%| F|  |TAMS 0x0000000747e00000, 0x0000000747e00000| Untracked 
|  64|0x0000000748000000, 0x0000000748000000, 0x0000000748200000|  0%| F|  |TAMS 0x0000000748000000, 0x0000000748000000| Untracked 
|  65|0x0000000748200000, 0x0000000748200000, 0x0000000748400000|  0%| F|  |TAMS 0x0000000748200000, 0x0000000748200000| Untracked 
|  66|0x0000000748400000, 0x0000000748400000, 0x0000000748600000|  0%| F|  |TAMS 0x0000000748400000, 0x0000000748400000| Untracked 
|  67|0x0000000748600000, 0x0000000748600000, 0x0000000748800000|  0%| F|  |TAMS 0x0000000748600000, 0x0000000748600000| Untracked 
|  68|0x0000000748800000, 0x0000000748800000, 0x0000000748a00000|  0%| F|  |TAMS 0x0000000748800000, 0x0000000748800000| Untracked 
|  69|0x0000000748a00000, 0x0000000748a00000, 0x0000000748c00000|  0%| F|  |TAMS 0x0000000748a00000, 0x0000000748a00000| Untracked 
|  70|0x0000000748c00000, 0x0000000748c00000, 0x0000000748e00000|  0%| F|  |TAMS 0x0000000748c00000, 0x0000000748c00000| Untracked 
|  71|0x0000000748e00000, 0x0000000748e00000, 0x0000000749000000|  0%| F|  |TAMS 0x0000000748e00000, 0x0000000748e00000| Untracked 
|  72|0x0000000749000000, 0x0000000749000000, 0x0000000749200000|  0%| F|  |TAMS 0x0000000749000000, 0x0000000749000000| Untracked 
|  73|0x0000000749200000, 0x0000000749200000, 0x0000000749400000|  0%| F|  |TAMS 0x0000000749200000, 0x0000000749200000| Untracked 
|  74|0x0000000749400000, 0x0000000749400000, 0x0000000749600000|  0%| F|  |TAMS 0x0000000749400000, 0x0000000749400000| Untracked 
|  75|0x0000000749600000, 0x0000000749600000, 0x0000000749800000|  0%| F|  |TAMS 0x0000000749600000, 0x0000000749600000| Untracked 
|  76|0x0000000749800000, 0x0000000749800000, 0x0000000749a00000|  0%| F|  |TAMS 0x0000000749800000, 0x0000000749800000| Untracked 
|  77|0x0000000749a00000, 0x0000000749a00000, 0x0000000749c00000|  0%| F|  |TAMS 0x0000000749a00000, 0x0000000749a00000| Untracked 
|  78|0x0000000749c00000, 0x0000000749c00000, 0x0000000749e00000|  0%| F|  |TAMS 0x0000000749c00000, 0x0000000749c00000| Untracked 
|  79|0x0000000749e00000, 0x0000000749e00000, 0x000000074a000000|  0%| F|  |TAMS 0x0000000749e00000, 0x0000000749e00000| Untracked 
|  80|0x000000074a000000, 0x000000074a000000, 0x000000074a200000|  0%| F|  |TAMS 0x000000074a000000, 0x000000074a000000| Untracked 
|  81|0x000000074a200000, 0x000000074a200000, 0x000000074a400000|  0%| F|  |TAMS 0x000000074a200000, 0x000000074a200000| Untracked 
|  82|0x000000074a400000, 0x000000074a400000, 0x000000074a600000|  0%| F|  |TAMS 0x000000074a400000, 0x000000074a400000| Untracked 
|  83|0x000000074a600000, 0x000000074a600000, 0x000000074a800000|  0%| F|  |TAMS 0x000000074a600000, 0x000000074a600000| Untracked 
|  84|0x000000074a800000, 0x000000074a800000, 0x000000074aa00000|  0%| F|  |TAMS 0x000000074a800000, 0x000000074a800000| Untracked 
|  85|0x000000074aa00000, 0x000000074aa00000, 0x000000074ac00000|  0%| F|  |TAMS 0x000000074aa00000, 0x000000074aa00000| Untracked 
|  86|0x000000074ac00000, 0x000000074ac00000, 0x000000074ae00000|  0%| F|  |TAMS 0x000000074ac00000, 0x000000074ac00000| Untracked 
|  87|0x000000074ae00000, 0x000000074ae00000, 0x000000074b000000|  0%| F|  |TAMS 0x000000074ae00000, 0x000000074ae00000| Untracked 
|  88|0x000000074b000000, 0x000000074b000000, 0x000000074b200000|  0%| F|  |TAMS 0x000000074b000000, 0x000000074b000000| Untracked 
|  89|0x000000074b200000, 0x000000074b200000, 0x000000074b400000|  0%| F|  |TAMS 0x000000074b200000, 0x000000074b200000| Untracked 
|  90|0x000000074b400000, 0x000000074b400000, 0x000000074b600000|  0%| F|  |TAMS 0x000000074b400000, 0x000000074b400000| Untracked 
|  91|0x000000074b600000, 0x000000074b600000, 0x000000074b800000|  0%| F|  |TAMS 0x000000074b600000, 0x000000074b600000| Untracked 
|  92|0x000000074b800000, 0x000000074b800000, 0x000000074ba00000|  0%| F|  |TAMS 0x000000074b800000, 0x000000074b800000| Untracked 
|  93|0x000000074ba00000, 0x000000074ba00000, 0x000000074bc00000|  0%| F|  |TAMS 0x000000074ba00000, 0x000000074ba00000| Untracked 
|  94|0x000000074bc00000, 0x000000074bc00000, 0x000000074be00000|  0%| F|  |TAMS 0x000000074bc00000, 0x000000074bc00000| Untracked 
|  95|0x000000074be00000, 0x000000074be00000, 0x000000074c000000|  0%| F|  |TAMS 0x000000074be00000, 0x000000074be00000| Untracked 
|  96|0x000000074c000000, 0x000000074c000000, 0x000000074c200000|  0%| F|  |TAMS 0x000000074c000000, 0x000000074c000000| Untracked 
|  97|0x000000074c200000, 0x000000074c200000, 0x000000074c400000|  0%| F|  |TAMS 0x000000074c200000, 0x000000074c200000| Untracked 
|  98|0x000000074c400000, 0x000000074c400000, 0x000000074c600000|  0%| F|  |TAMS 0x000000074c400000, 0x000000074c400000| Untracked 
|  99|0x000000074c600000, 0x000000074c600000, 0x000000074c800000|  0%| F|  |TAMS 0x000000074c600000, 0x000000074c600000| Untracked 
| 100|0x000000074c800000, 0x000000074c800000, 0x000000074ca00000|  0%| F|  |TAMS 0x000000074c800000, 0x000000074c800000| Untracked 
| 101|0x000000074ca00000, 0x000000074ca00000, 0x000000074cc00000|  0%| F|  |TAMS 0x000000074ca00000, 0x000000074ca00000| Untracked 
| 102|0x000000074cc00000, 0x000000074cc00000, 0x000000074ce00000|  0%| F|  |TAMS 0x000000074cc00000, 0x000000074cc00000| Untracked 
| 103|0x000000074ce00000, 0x000000074ce00000, 0x000000074d000000|  0%| F|  |TAMS 0x000000074ce00000, 0x000000074ce00000| Untracked 
| 104|0x000000074d000000, 0x000000074d000000, 0x000000074d200000|  0%| F|  |TAMS 0x000000074d000000, 0x000000074d000000| Untracked 
| 105|0x000000074d200000, 0x000000074d200000, 0x000000074d400000|  0%| F|  |TAMS 0x000000074d200000, 0x000000074d200000| Untracked 
| 106|0x000000074d400000, 0x000000074d400000, 0x000000074d600000|  0%| F|  |TAMS 0x000000074d400000, 0x000000074d400000| Untracked 
| 107|0x000000074d600000, 0x000000074d600000, 0x000000074d800000|  0%| F|  |TAMS 0x000000074d600000, 0x000000074d600000| Untracked 
| 108|0x000000074d800000, 0x000000074d800000, 0x000000074da00000|  0%| F|  |TAMS 0x000000074d800000, 0x000000074d800000| Untracked 
| 109|0x000000074da00000, 0x000000074da00000, 0x000000074dc00000|  0%| F|  |TAMS 0x000000074da00000, 0x000000074da00000| Untracked 
| 110|0x000000074dc00000, 0x000000074dc00000, 0x000000074de00000|  0%| F|  |TAMS 0x000000074dc00000, 0x000000074dc00000| Untracked 
| 111|0x000000074de00000, 0x000000074de00000, 0x000000074e000000|  0%| F|  |TAMS 0x000000074de00000, 0x000000074de00000| Untracked 
| 112|0x000000074e000000, 0x000000074e000000, 0x000000074e200000|  0%| F|  |TAMS 0x000000074e000000, 0x000000074e000000| Untracked 
| 113|0x000000074e200000, 0x000000074e200000, 0x000000074e400000|  0%| F|  |TAMS 0x000000074e200000, 0x000000074e200000| Untracked 
| 114|0x000000074e400000, 0x000000074e400000, 0x000000074e600000|  0%| F|  |TAMS 0x000000074e400000, 0x000000074e400000| Untracked 
| 115|0x000000074e600000, 0x000000074e600000, 0x000000074e800000|  0%| F|  |TAMS 0x000000074e600000, 0x000000074e600000| Untracked 
| 116|0x000000074e800000, 0x000000074e800000, 0x000000074ea00000|  0%| F|  |TAMS 0x000000074e800000, 0x000000074e800000| Untracked 
| 117|0x000000074ea00000, 0x000000074ea00000, 0x000000074ec00000|  0%| F|  |TAMS 0x000000074ea00000, 0x000000074ea00000| Untracked 
| 118|0x000000074ec00000, 0x000000074ec00000, 0x000000074ee00000|  0%| F|  |TAMS 0x000000074ec00000, 0x000000074ec00000| Untracked 
| 119|0x000000074ee00000, 0x000000074ee00000, 0x000000074f000000|  0%| F|  |TAMS 0x000000074ee00000, 0x000000074ee00000| Untracked 
| 120|0x000000074f000000, 0x000000074f000000, 0x000000074f200000|  0%| F|  |TAMS 0x000000074f000000, 0x000000074f000000| Untracked 
| 121|0x000000074f200000, 0x000000074f200000, 0x000000074f400000|  0%| F|  |TAMS 0x000000074f200000, 0x000000074f200000| Untracked 
| 122|0x000000074f400000, 0x000000074f400000, 0x000000074f600000|  0%| F|  |TAMS 0x000000074f400000, 0x000000074f400000| Untracked 
| 123|0x000000074f600000, 0x000000074f600000, 0x000000074f800000|  0%| F|  |TAMS 0x000000074f600000, 0x000000074f600000| Untracked 
| 124|0x000000074f800000, 0x000000074f800000, 0x000000074fa00000|  0%| F|  |TAMS 0x000000074f800000, 0x000000074f800000| Untracked 
| 125|0x000000074fa00000, 0x000000074fa00000, 0x000000074fc00000|  0%| F|  |TAMS 0x000000074fa00000, 0x000000074fa00000| Untracked 
| 126|0x000000074fc00000, 0x000000074fc00000, 0x000000074fe00000|  0%| F|  |TAMS 0x000000074fc00000, 0x000000074fc00000| Untracked 
| 127|0x000000074fe00000, 0x000000074fe00000, 0x0000000750000000|  0%| F|  |TAMS 0x000000074fe00000, 0x000000074fe00000| Untracked 
| 128|0x0000000750000000, 0x0000000750000000, 0x0000000750200000|  0%| F|  |TAMS 0x0000000750000000, 0x0000000750000000| Untracked 
| 129|0x0000000750200000, 0x0000000750200000, 0x0000000750400000|  0%| F|  |TAMS 0x0000000750200000, 0x0000000750200000| Untracked 
| 130|0x0000000750400000, 0x0000000750400000, 0x0000000750600000|  0%| F|  |TAMS 0x0000000750400000, 0x0000000750400000| Untracked 
| 131|0x0000000750600000, 0x0000000750600000, 0x0000000750800000|  0%| F|  |TAMS 0x0000000750600000, 0x0000000750600000| Untracked 
| 132|0x0000000750800000, 0x0000000750800000, 0x0000000750a00000|  0%| F|  |TAMS 0x0000000750800000, 0x0000000750800000| Untracked 
| 133|0x0000000750a00000, 0x0000000750a00000, 0x0000000750c00000|  0%| F|  |TAMS 0x0000000750a00000, 0x0000000750a00000| Untracked 
| 134|0x0000000750c00000, 0x0000000750c00000, 0x0000000750e00000|  0%| F|  |TAMS 0x0000000750c00000, 0x0000000750c00000| Untracked 
| 135|0x0000000750e00000, 0x0000000750e00000, 0x0000000751000000|  0%| F|  |TAMS 0x0000000750e00000, 0x0000000750e00000| Untracked 
| 136|0x0000000751000000, 0x0000000751000000, 0x0000000751200000|  0%| F|  |TAMS 0x0000000751000000, 0x0000000751000000| Untracked 
| 137|0x0000000751200000, 0x0000000751200000, 0x0000000751400000|  0%| F|  |TAMS 0x0000000751200000, 0x0000000751200000| Untracked 
| 138|0x0000000751400000, 0x0000000751400000, 0x0000000751600000|  0%| F|  |TAMS 0x0000000751400000, 0x0000000751400000| Untracked 
| 139|0x0000000751600000, 0x0000000751600000, 0x0000000751800000|  0%| F|  |TAMS 0x0000000751600000, 0x0000000751600000| Untracked 
| 140|0x0000000751800000, 0x0000000751800000, 0x0000000751a00000|  0%| F|  |TAMS 0x0000000751800000, 0x0000000751800000| Untracked 
| 141|0x0000000751a00000, 0x0000000751a00000, 0x0000000751c00000|  0%| F|  |TAMS 0x0000000751a00000, 0x0000000751a00000| Untracked 
| 142|0x0000000751c00000, 0x0000000751c00000, 0x0000000751e00000|  0%| F|  |TAMS 0x0000000751c00000, 0x0000000751c00000| Untracked 
| 143|0x0000000751e00000, 0x0000000751e00000, 0x0000000752000000|  0%| F|  |TAMS 0x0000000751e00000, 0x0000000751e00000| Untracked 
| 144|0x0000000752000000, 0x0000000752000000, 0x0000000752200000|  0%| F|  |TAMS 0x0000000752000000, 0x0000000752000000| Untracked 
| 145|0x0000000752200000, 0x0000000752200000, 0x0000000752400000|  0%| F|  |TAMS 0x0000000752200000, 0x0000000752200000| Untracked 
| 146|0x0000000752400000, 0x0000000752400000, 0x0000000752600000|  0%| F|  |TAMS 0x0000000752400000, 0x0000000752400000| Untracked 
| 147|0x0000000752600000, 0x0000000752600000, 0x0000000752800000|  0%| F|  |TAMS 0x0000000752600000, 0x0000000752600000| Untracked 
| 148|0x0000000752800000, 0x0000000752800000, 0x0000000752a00000|  0%| F|  |TAMS 0x0000000752800000, 0x0000000752800000| Untracked 
| 149|0x0000000752a00000, 0x0000000752a00000, 0x0000000752c00000|  0%| F|  |TAMS 0x0000000752a00000, 0x0000000752a00000| Untracked 
| 150|0x0000000752c00000, 0x0000000752c00000, 0x0000000752e00000|  0%| F|  |TAMS 0x0000000752c00000, 0x0000000752c00000| Untracked 
| 151|0x0000000752e00000, 0x0000000752e00000, 0x0000000753000000|  0%| F|  |TAMS 0x0000000752e00000, 0x0000000752e00000| Untracked 
| 152|0x0000000753000000, 0x0000000753000000, 0x0000000753200000|  0%| F|  |TAMS 0x0000000753000000, 0x0000000753000000| Untracked 
| 153|0x0000000753200000, 0x0000000753200000, 0x0000000753400000|  0%| F|  |TAMS 0x0000000753200000, 0x0000000753200000| Untracked 
| 154|0x0000000753400000, 0x0000000753400000, 0x0000000753600000|  0%| F|  |TAMS 0x0000000753400000, 0x0000000753400000| Untracked 
| 155|0x0000000753600000, 0x0000000753600000, 0x0000000753800000|  0%| F|  |TAMS 0x0000000753600000, 0x0000000753600000| Untracked 
| 156|0x0000000753800000, 0x0000000753800000, 0x0000000753a00000|  0%| F|  |TAMS 0x0000000753800000, 0x0000000753800000| Untracked 
| 157|0x0000000753a00000, 0x0000000753a00000, 0x0000000753c00000|  0%| F|  |TAMS 0x0000000753a00000, 0x0000000753a00000| Untracked 
| 158|0x0000000753c00000, 0x0000000753c00000, 0x0000000753e00000|  0%| F|  |TAMS 0x0000000753c00000, 0x0000000753c00000| Untracked 
| 159|0x0000000753e00000, 0x0000000753e00000, 0x0000000754000000|  0%| F|  |TAMS 0x0000000753e00000, 0x0000000753e00000| Untracked 
| 160|0x0000000754000000, 0x0000000754000000, 0x0000000754200000|  0%| F|  |TAMS 0x0000000754000000, 0x0000000754000000| Untracked 
| 161|0x0000000754200000, 0x0000000754200000, 0x0000000754400000|  0%| F|  |TAMS 0x0000000754200000, 0x0000000754200000| Untracked 
| 162|0x0000000754400000, 0x0000000754400000, 0x0000000754600000|  0%| F|  |TAMS 0x0000000754400000, 0x0000000754400000| Untracked 
| 163|0x0000000754600000, 0x0000000754600000, 0x0000000754800000|  0%| F|  |TAMS 0x0000000754600000, 0x0000000754600000| Untracked 
| 164|0x0000000754800000, 0x0000000754800000, 0x0000000754a00000|  0%| F|  |TAMS 0x0000000754800000, 0x0000000754800000| Untracked 
| 165|0x0000000754a00000, 0x0000000754a00000, 0x0000000754c00000|  0%| F|  |TAMS 0x0000000754a00000, 0x0000000754a00000| Untracked 
| 166|0x0000000754c00000, 0x0000000754c00000, 0x0000000754e00000|  0%| F|  |TAMS 0x0000000754c00000, 0x0000000754c00000| Untracked 
| 167|0x0000000754e00000, 0x0000000754e00000, 0x0000000755000000|  0%| F|  |TAMS 0x0000000754e00000, 0x0000000754e00000| Untracked 
| 168|0x0000000755000000, 0x0000000755000000, 0x0000000755200000|  0%| F|  |TAMS 0x0000000755000000, 0x0000000755000000| Untracked 
| 169|0x0000000755200000, 0x0000000755200000, 0x0000000755400000|  0%| F|  |TAMS 0x0000000755200000, 0x0000000755200000| Untracked 
| 170|0x0000000755400000, 0x0000000755400000, 0x0000000755600000|  0%| F|  |TAMS 0x0000000755400000, 0x0000000755400000| Untracked 
| 171|0x0000000755600000, 0x0000000755600000, 0x0000000755800000|  0%| F|  |TAMS 0x0000000755600000, 0x0000000755600000| Untracked 
| 172|0x0000000755800000, 0x0000000755800000, 0x0000000755a00000|  0%| F|  |TAMS 0x0000000755800000, 0x0000000755800000| Untracked 
| 173|0x0000000755a00000, 0x0000000755a00000, 0x0000000755c00000|  0%| F|  |TAMS 0x0000000755a00000, 0x0000000755a00000| Untracked 
| 174|0x0000000755c00000, 0x0000000755c00000, 0x0000000755e00000|  0%| F|  |TAMS 0x0000000755c00000, 0x0000000755c00000| Untracked 
| 175|0x0000000755e00000, 0x0000000755e00000, 0x0000000756000000|  0%| F|  |TAMS 0x0000000755e00000, 0x0000000755e00000| Untracked 
| 176|0x0000000756000000, 0x0000000756000000, 0x0000000756200000|  0%| F|  |TAMS 0x0000000756000000, 0x0000000756000000| Untracked 
| 177|0x0000000756200000, 0x0000000756200000, 0x0000000756400000|  0%| F|  |TAMS 0x0000000756200000, 0x0000000756200000| Untracked 
| 178|0x0000000756400000, 0x0000000756400000, 0x0000000756600000|  0%| F|  |TAMS 0x0000000756400000, 0x0000000756400000| Untracked 
| 179|0x0000000756600000, 0x0000000756600000, 0x0000000756800000|  0%| F|  |TAMS 0x0000000756600000, 0x0000000756600000| Untracked 
| 180|0x0000000756800000, 0x0000000756800000, 0x0000000756a00000|  0%| F|  |TAMS 0x0000000756800000, 0x0000000756800000| Untracked 
| 181|0x0000000756a00000, 0x0000000756a00000, 0x0000000756c00000|  0%| F|  |TAMS 0x0000000756a00000, 0x0000000756a00000| Untracked 
| 182|0x0000000756c00000, 0x0000000756c00000, 0x0000000756e00000|  0%| F|  |TAMS 0x0000000756c00000, 0x0000000756c00000| Untracked 
| 183|0x0000000756e00000, 0x0000000756e00000, 0x0000000757000000|  0%| F|  |TAMS 0x0000000756e00000, 0x0000000756e00000| Untracked 
| 184|0x0000000757000000, 0x0000000757000000, 0x0000000757200000|  0%| F|  |TAMS 0x0000000757000000, 0x0000000757000000| Untracked 
| 185|0x0000000757200000, 0x0000000757200000, 0x0000000757400000|  0%| F|  |TAMS 0x0000000757200000, 0x0000000757200000| Untracked 
| 186|0x0000000757400000, 0x0000000757400000, 0x0000000757600000|  0%| F|  |TAMS 0x0000000757400000, 0x0000000757400000| Untracked 
| 187|0x0000000757600000, 0x0000000757600000, 0x0000000757800000|  0%| F|  |TAMS 0x0000000757600000, 0x0000000757600000| Untracked 
| 188|0x0000000757800000, 0x0000000757800000, 0x0000000757a00000|  0%| F|  |TAMS 0x0000000757800000, 0x0000000757800000| Untracked 
| 189|0x0000000757a00000, 0x0000000757a00000, 0x0000000757c00000|  0%| F|  |TAMS 0x0000000757a00000, 0x0000000757a00000| Untracked 
| 190|0x0000000757c00000, 0x0000000757c00000, 0x0000000757e00000|  0%| F|  |TAMS 0x0000000757c00000, 0x0000000757c00000| Untracked 
| 191|0x0000000757e00000, 0x0000000757e00000, 0x0000000758000000|  0%| F|  |TAMS 0x0000000757e00000, 0x0000000757e00000| Untracked 
| 192|0x0000000758000000, 0x0000000758000000, 0x0000000758200000|  0%| F|  |TAMS 0x0000000758000000, 0x0000000758000000| Untracked 
| 193|0x0000000758200000, 0x0000000758200000, 0x0000000758400000|  0%| F|  |TAMS 0x0000000758200000, 0x0000000758200000| Untracked 
| 194|0x0000000758400000, 0x0000000758400000, 0x0000000758600000|  0%| F|  |TAMS 0x0000000758400000, 0x0000000758400000| Untracked 
| 195|0x0000000758600000, 0x0000000758600000, 0x0000000758800000|  0%| F|  |TAMS 0x0000000758600000, 0x0000000758600000| Untracked 
| 196|0x0000000758800000, 0x0000000758800000, 0x0000000758a00000|  0%| F|  |TAMS 0x0000000758800000, 0x0000000758800000| Untracked 
| 197|0x0000000758a00000, 0x0000000758a00000, 0x0000000758c00000|  0%| F|  |TAMS 0x0000000758a00000, 0x0000000758a00000| Untracked 
| 198|0x0000000758c00000, 0x0000000758c00000, 0x0000000758e00000|  0%| F|  |TAMS 0x0000000758c00000, 0x0000000758c00000| Untracked 
| 199|0x0000000758e00000, 0x0000000758e00000, 0x0000000759000000|  0%| F|  |TAMS 0x0000000758e00000, 0x0000000758e00000| Untracked 
| 200|0x0000000759000000, 0x0000000759000000, 0x0000000759200000|  0%| F|  |TAMS 0x0000000759000000, 0x0000000759000000| Untracked 
| 201|0x0000000759200000, 0x0000000759200000, 0x0000000759400000|  0%| F|  |TAMS 0x0000000759200000, 0x0000000759200000| Untracked 
| 202|0x0000000759400000, 0x0000000759400000, 0x0000000759600000|  0%| F|  |TAMS 0x0000000759400000, 0x0000000759400000| Untracked 
| 203|0x0000000759600000, 0x0000000759600000, 0x0000000759800000|  0%| F|  |TAMS 0x0000000759600000, 0x0000000759600000| Untracked 
| 204|0x0000000759800000, 0x0000000759800000, 0x0000000759a00000|  0%| F|  |TAMS 0x0000000759800000, 0x0000000759800000| Untracked 
| 205|0x0000000759a00000, 0x0000000759a00000, 0x0000000759c00000|  0%| F|  |TAMS 0x0000000759a00000, 0x0000000759a00000| Untracked 
| 206|0x0000000759c00000, 0x0000000759c00000, 0x0000000759e00000|  0%| F|  |TAMS 0x0000000759c00000, 0x0000000759c00000| Untracked 
| 207|0x0000000759e00000, 0x0000000759e00000, 0x000000075a000000|  0%| F|  |TAMS 0x0000000759e00000, 0x0000000759e00000| Untracked 
| 208|0x000000075a000000, 0x000000075a000000, 0x000000075a200000|  0%| F|  |TAMS 0x000000075a000000, 0x000000075a000000| Untracked 
| 209|0x000000075a200000, 0x000000075a200000, 0x000000075a400000|  0%| F|  |TAMS 0x000000075a200000, 0x000000075a200000| Untracked 
| 210|0x000000075a400000, 0x000000075a400000, 0x000000075a600000|  0%| F|  |TAMS 0x000000075a400000, 0x000000075a400000| Untracked 
| 211|0x000000075a600000, 0x000000075a600000, 0x000000075a800000|  0%| F|  |TAMS 0x000000075a600000, 0x000000075a600000| Untracked 
| 212|0x000000075a800000, 0x000000075a800000, 0x000000075aa00000|  0%| F|  |TAMS 0x000000075a800000, 0x000000075a800000| Untracked 
| 213|0x000000075aa00000, 0x000000075aa00000, 0x000000075ac00000|  0%| F|  |TAMS 0x000000075aa00000, 0x000000075aa00000| Untracked 
| 214|0x000000075ac00000, 0x000000075ac00000, 0x000000075ae00000|  0%| F|  |TAMS 0x000000075ac00000, 0x000000075ac00000| Untracked 
| 215|0x000000075ae00000, 0x000000075ae00000, 0x000000075b000000|  0%| F|  |TAMS 0x000000075ae00000, 0x000000075ae00000| Untracked 
| 216|0x000000075b000000, 0x000000075b000000, 0x000000075b200000|  0%| F|  |TAMS 0x000000075b000000, 0x000000075b000000| Untracked 
| 217|0x000000075b200000, 0x000000075b200000, 0x000000075b400000|  0%| F|  |TAMS 0x000000075b200000, 0x000000075b200000| Untracked 
| 218|0x000000075b400000, 0x000000075b400000, 0x000000075b600000|  0%| F|  |TAMS 0x000000075b400000, 0x000000075b400000| Untracked 
| 219|0x000000075b600000, 0x000000075b600000, 0x000000075b800000|  0%| F|  |TAMS 0x000000075b600000, 0x000000075b600000| Untracked 
| 220|0x000000075b800000, 0x000000075b800000, 0x000000075ba00000|  0%| F|  |TAMS 0x000000075b800000, 0x000000075b800000| Untracked 
| 221|0x000000075ba00000, 0x000000075ba00000, 0x000000075bc00000|  0%| F|  |TAMS 0x000000075ba00000, 0x000000075ba00000| Untracked 
| 222|0x000000075bc00000, 0x000000075bc00000, 0x000000075be00000|  0%| F|  |TAMS 0x000000075bc00000, 0x000000075bc00000| Untracked 
| 223|0x000000075be00000, 0x000000075be00000, 0x000000075c000000|  0%| F|  |TAMS 0x000000075be00000, 0x000000075be00000| Untracked 
| 224|0x000000075c000000, 0x000000075c000000, 0x000000075c200000|  0%| F|  |TAMS 0x000000075c000000, 0x000000075c000000| Untracked 
| 225|0x000000075c200000, 0x000000075c200000, 0x000000075c400000|  0%| F|  |TAMS 0x000000075c200000, 0x000000075c200000| Untracked 
| 226|0x000000075c400000, 0x000000075c400000, 0x000000075c600000|  0%| F|  |TAMS 0x000000075c400000, 0x000000075c400000| Untracked 
| 227|0x000000075c600000, 0x000000075c600000, 0x000000075c800000|  0%| F|  |TAMS 0x000000075c600000, 0x000000075c600000| Untracked 
| 228|0x000000075c800000, 0x000000075c800000, 0x000000075ca00000|  0%| F|  |TAMS 0x000000075c800000, 0x000000075c800000| Untracked 
| 229|0x000000075ca00000, 0x000000075ca00000, 0x000000075cc00000|  0%| F|  |TAMS 0x000000075ca00000, 0x000000075ca00000| Untracked 
| 230|0x000000075cc00000, 0x000000075cc00000, 0x000000075ce00000|  0%| F|  |TAMS 0x000000075cc00000, 0x000000075cc00000| Untracked 
| 231|0x000000075ce00000, 0x000000075d000000, 0x000000075d000000|100%| S|CS|TAMS 0x000000075ce00000, 0x000000075ce00000| Complete 
| 232|0x000000075d000000, 0x000000075d200000, 0x000000075d200000|100%| S|CS|TAMS 0x000000075d000000, 0x000000075d000000| Complete 
| 233|0x000000075d200000, 0x000000075d200000, 0x000000075d400000|  0%| F|  |TAMS 0x000000075d200000, 0x000000075d200000| Untracked 
| 234|0x000000075d400000, 0x000000075d400000, 0x000000075d600000|  0%| F|  |TAMS 0x000000075d400000, 0x000000075d400000| Untracked 
| 235|0x000000075d600000, 0x000000075d600000, 0x000000075d800000|  0%| F|  |TAMS 0x000000075d600000, 0x000000075d600000| Untracked 
| 236|0x000000075d800000, 0x000000075d800000, 0x000000075da00000|  0%| F|  |TAMS 0x000000075d800000, 0x000000075d800000| Untracked 
| 237|0x000000075da00000, 0x000000075da00000, 0x000000075dc00000|  0%| F|  |TAMS 0x000000075da00000, 0x000000075da00000| Untracked 
| 238|0x000000075dc00000, 0x000000075dc00000, 0x000000075de00000|  0%| F|  |TAMS 0x000000075dc00000, 0x000000075dc00000| Untracked 
| 239|0x000000075de00000, 0x000000075dfecac0, 0x000000075e000000| 96%| E|  |TAMS 0x000000075de00000, 0x000000075de00000| Complete 
| 240|0x000000075e000000, 0x000000075e200000, 0x000000075e200000|100%| E|CS|TAMS 0x000000075e000000, 0x000000075e000000| Complete 
| 241|0x000000075e200000, 0x000000075e400000, 0x000000075e400000|100%| E|CS|TAMS 0x000000075e200000, 0x000000075e200000| Complete 
| 242|0x000000075e400000, 0x000000075e600000, 0x000000075e600000|100%| E|CS|TAMS 0x000000075e400000, 0x000000075e400000| Complete 
| 243|0x000000075e600000, 0x000000075e800000, 0x000000075e800000|100%| E|CS|TAMS 0x000000075e600000, 0x000000075e600000| Complete 
| 244|0x000000075e800000, 0x000000075ea00000, 0x000000075ea00000|100%| E|CS|TAMS 0x000000075e800000, 0x000000075e800000| Complete 
|1534|0x00000007ffc00000, 0x00000007ffd75000, 0x00000007ffe00000| 72%|OA|  |TAMS 0x00000007ffc00000, 0x00000007ffc00000| Untracked 
|1535|0x00000007ffe00000, 0x00000007ffe78000, 0x0000000800000000| 23%|CA|  |TAMS 0x00000007ffe00000, 0x00000007ffe00000| Untracked 

Card table byte_map: [0x0000700acd000000,0x0000700acd600000] _byte_map_base: 0x0000700ac9600000

Marking Bits (Prev, Next): (CMBitMap*) 0x0000700ac8073b00, (CMBitMap*) 0x0000700ac8073b40
 Prev Bits: [0x0000700aae400000, 0x0000700ab1400000)
 Next Bits: [0x0000700aab400000, 0x0000700aae400000)

Polling page: 0x0000700ad049b000

Metaspace:

Usage:
  Non-class:      6.15 MB used.
      Class:    871.95 KB used.
       Both:      7.00 MB used.

Virtual space:
  Non-class space:       64.00 MB reserved,       6.31 MB ( 10%) committed,  1 nodes.
      Class space:        1.00 GB reserved,     960.00 KB ( <1%) committed,  1 nodes.
             Both:        1.06 GB reserved,       7.25 MB ( <1%) committed. 

Chunk freelists:
   Non-Class:  8.80 MB
       Class:  14.89 MB
        Both:  23.69 MB

MaxMetaspaceSize: unlimited
CompressedClassSpaceSize: 1.00 GB
Initial GC threshold: 21.00 MB
Current GC threshold: 21.00 MB
CDS: on
MetaspaceReclaimPolicy: balanced
 - commit_granule_bytes: 65536.
 - commit_granule_words: 8192.
 - virtual_space_node_default_size: 8388608.
 - enlarge_chunks_in_place: 1.
 - new_chunks_are_fully_committed: 0.
 - uncommit_free_chunks: 1.
 - use_allocation_guard: 0.
 - handle_deallocations: 1.


Internal statistics:

num_allocs_failed_limit: 0.
num_arena_births: 226.
num_arena_deaths: 0.
num_vsnodes_births: 2.
num_vsnodes_deaths: 0.
num_space_committed: 116.
num_space_uncommitted: 0.
num_chunks_returned_to_freelist: 0.
num_chunks_taken_from_freelist: 426.
num_chunk_merges: 0.
num_chunk_splits: 281.
num_chunks_enlarged: 190.
num_inconsistent_stats: 0.

CodeHeap 'non-profiled nmethods': size=120028Kb used=802Kb max_used=802Kb free=119225Kb
 bounds [0x0000700ab8ec9000, 0x0000700ab9139000, 0x0000700ac0400000]
CodeHeap 'profiled nmethods': size=120028Kb used=2563Kb max_used=2563Kb free=117464Kb
 bounds [0x0000700ab1400000, 0x0000700ab1690000, 0x0000700ab8937000]
CodeHeap 'non-nmethods': size=5704Kb used=1187Kb max_used=1298Kb free=4517Kb
 bounds [0x0000700ab8937000, 0x0000700ab8ba7000, 0x0000700ab8ec9000]
 total_blobs=1973 nmethods=1482 adapters=405
 compilation: enabled
              stopped_count=0, restarted_count=0
 full_count=0

Compilation events (20 events):
Event: 0.919 Thread 0x0000700ac8206860 1420       4       java.util.regex.Pattern$$Lambda$18/0x800000028::is (9 bytes)
Event: 0.919 Thread 0x0000700ac8206860 nmethod 1420 0x0000700ab8f5ab90 code [0x0000700ab8f5ad00, 0x0000700ab8f5ad98]
Event: 0.919 Thread 0x0000700ac8206860 1421       4       java.util.regex.Matcher::end (67 bytes)
Event: 0.920 Thread 0x0000700ac8206860 nmethod 1421 0x0000700ab8f5ae90 code [0x0000700ab8f5b020, 0x0000700ab8f5b158]
Event: 0.920 Thread 0x0000700ac8206860 1423       4       java.util.regex.Pattern$BitClass::is (22 bytes)
Event: 0.920 Thread 0x0000700ac8206860 nmethod 1423 0x0000700ab8f5b290 code [0x0000700ab8f5b420, 0x0000700ab8f5b4f8]
Event: 0.920 Thread 0x0000700ac8206860 1424       4       java.util.regex.Pattern$GroupTail::match (111 bytes)
Event: 0.922 Thread 0x0000700ac8206860 nmethod 1424 0x0000700ab8f5b610 code [0x0000700ab8f5b7c0, 0x0000700ab8f5bae8]
Event: 0.922 Thread 0x0000700ac8206860 1391       4       java.lang.AbstractStringBuilder::getCoder (15 bytes)
Event: 0.922 Thread 0x0000700ac8206860 nmethod 1391 0x0000700ab8f5be10 code [0x0000700ab8f5bf80, 0x0000700ab8f5bff8]
Event: 0.922 Thread 0x0000700ac8206860 1429       4       java.util.Formatter$Conversion::isValid (256 bytes)
Event: 0.922 Thread 0x0000700ac8206860 nmethod 1429 0x0000700ab8f5c110 code [0x0000700ab8f5c2a0, 0x0000700ab8f5c378]
Event: 0.922 Thread 0x0000700ac8206860 1427       4       java.util.regex.Pattern$BranchConn::match (11 bytes)
Event: 0.923 Thread 0x0000700ac8206860 nmethod 1427 0x0000700ab8f5c410 code [0x0000700ab8f5c5a0, 0x0000700ab8f5c688]
Event: 0.923 Thread 0x0000700ac8206860 1428       4       java.util.regex.Pattern$BmpCharPredicate$$Lambda$20/0x80000002b::is (15 bytes)
Event: 0.924 Thread 0x0000700ac8206860 nmethod 1428 0x0000700ab8f5c790 code [0x0000700ab8f5c940, 0x0000700ab8f5cbe8]
Event: 0.924 Thread 0x0000700ac8206860 1425       4       java.lang.StringBuilder::length (5 bytes)
Event: 0.924 Thread 0x0000700ac8206860 nmethod 1425 0x0000700ab8f5ce90 code [0x0000700ab8f5d000, 0x0000700ab8f5d078]
Event: 0.959 Thread 0x0000700a282a2bc0 nmethod 1422 0x0000700ab8f5d190 code [0x0000700ab8f5db80, 0x0000700ab8f71208]
Event: 0.997 Thread 0x0000700a282a7740 nmethod 1413 0x0000700ab8f79490 code [0x0000700ab8f79e60, 0x0000700ab8f89ce0]

GC Heap History (2 events):
Event: 0.331 GC heap before
{Heap before GC invocations=0 (full 0):
 garbage-first heap   total 505856K, used 24500K [0x0000000740000000, 0x0000000800000000)
  region size 2048K, 12 young (24576K), 0 survivors (0K)
 Metaspace       used 5552K, committed 5760K, reserved 1114112K
  class space    used 670K, committed 768K, reserved 1048576K
}
Event: 0.335 GC heap after
{Heap after GC invocations=1 (full 0):
 garbage-first heap   total 505856K, used 7606K [0x0000000740000000, 0x0000000800000000)
  region size 2048K, 2 young (4096K), 2 survivors (4096K)
 Metaspace       used 5552K, committed 5760K, reserved 1114112K
  class space    used 670K, committed 768K, reserved 1048576K
}

Dll operation events (10 events):
Event: 0.001 Loaded shared library /usr/lib/jvm/java-17-openjdk-amd64/lib/libjava.so
Event: 0.013 Loaded shared library /usr/lib/jvm/java-17-openjdk-amd64/lib/libjsvml.so
Event: 0.022 Loaded shared library /usr/lib/jvm/java-17-openjdk-amd64/lib/libnio.so
Event: 0.025 Loaded shared library /usr/lib/jvm/java-17-openjdk-amd64/lib/libzip.so
Event: 0.052 Loaded shared library /usr/lib/jvm/java-17-openjdk-amd64/lib/libjimage.so
Event: 0.100 Loaded shared library /tmp/nativelib-loader_15109587532929533702/libunicorn.so
Event: 0.142 Loaded shared library /usr/lib/jvm/java-17-openjdk-amd64/lib/libmanagement.so
Event: 0.143 Loaded shared library /usr/lib/jvm/java-17-openjdk-amd64/lib/libmanagement_ext.so
Event: 0.148 Loaded shared library /usr/lib/jvm/java-17-openjdk-amd64/lib/libnet.so
Event: 0.181 Loaded shared library /home/nestor/.cache/JNA/temp/jna18105261299045010402.tmp

Deoptimization events (20 events):
Event: 0.518 Thread 0x0000700ac8018460 DEOPT PACKING pc=0x0000700ab8f25ab0 sp=0x0000700ace9fd1a0
Event: 0.518 Thread 0x0000700ac8018460 DEOPT UNPACKING pc=0x0000700ab898d699 sp=0x0000700ace9fd0e0 mode 2
Event: 0.518 Thread 0x0000700ac8018460 Uncommon trap: trap_request=0xffffffde fr.pc=0x0000700ab8f29588 relative=0x00000000000014c8
Event: 0.518 Thread 0x0000700ac8018460 Uncommon trap: reason=class_check action=maybe_recompile pc=0x0000700ab8f29588 method=java.util.HashMap.putVal(ILjava/lang/Object;Ljava/lang/Object;ZZ)Ljava/lang/Object; @ 91 c2
Event: 0.518 Thread 0x0000700ac8018460 DEOPT PACKING pc=0x0000700ab8f29588 sp=0x0000700ace9fd0f0
Event: 0.518 Thread 0x0000700ac8018460 DEOPT UNPACKING pc=0x0000700ab898d699 sp=0x0000700ace9fd0d0 mode 2
Event: 0.536 Thread 0x0000700ac8018460 DEOPT PACKING pc=0x0000700ab1628d44 sp=0x0000700ace9fd310
Event: 0.536 Thread 0x0000700ac8018460 DEOPT UNPACKING pc=0x0000700ab898de2f sp=0x0000700ace9fc810 mode 0
Event: 0.537 Thread 0x0000700ac8018460 Uncommon trap: trap_request=0xffffff45 fr.pc=0x0000700ab8f3ce20 relative=0x00000000000000e0
Event: 0.537 Thread 0x0000700ac8018460 Uncommon trap: reason=unstable_if action=reinterpret pc=0x0000700ab8f3ce20 method=com.github.unidbg.pointer.UnidbgPointer.getByteArray(JI)[B @ 6 c2
Event: 0.537 Thread 0x0000700ac8018460 DEOPT PACKING pc=0x0000700ab8f3ce20 sp=0x0000700ace9fd230
Event: 0.537 Thread 0x0000700ac8018460 DEOPT UNPACKING pc=0x0000700ab898d699 sp=0x0000700ace9fd1e0 mode 2
Event: 0.653 Thread 0x0000700ac8018460 Uncommon trap: trap_request=0xffffff45 fr.pc=0x0000700ab8f3732c relative=0x000000000000030c
Event: 0.653 Thread 0x0000700ac8018460 Uncommon trap: reason=unstable_if action=reinterpret pc=0x0000700ab8f3732c method=jdk.internal.org.objectweb.asm.SymbolTable.put(Ljdk/internal/org/objectweb/asm/SymbolTable$Entry;)Ljdk/internal/org/objectweb/asm/SymbolTable$Entry; @ 13 c2
Event: 0.653 Thread 0x0000700ac8018460 DEOPT PACKING pc=0x0000700ab8f3732c sp=0x0000700ace9fdf60
Event: 0.653 Thread 0x0000700ac8018460 DEOPT UNPACKING pc=0x0000700ab898d699 sp=0x0000700ace9fdee0 mode 2
Event: 0.660 Thread 0x0000700ac8018460 Uncommon trap: trap_request=0x00000009 fr.pc=0x0000700ab8f39930 relative=0x0000000000000090
Event: 0.660 Thread 0x0000700ac8018460 Uncommon trap: reason=unloaded action=reinterpret pc=0x0000700ab8f39930 method=com.github.unidbg.arm.backend.Unicorn2Backend.mem_read(JJ)[B @ 12 c2
Event: 0.660 Thread 0x0000700ac8018460 DEOPT PACKING pc=0x0000700ab8f39930 sp=0x0000700ace9fe670
Event: 0.660 Thread 0x0000700ac8018460 DEOPT UNPACKING pc=0x0000700ab898d699 sp=0x0000700ace9fe640 mode 2

Classes loaded (20 events):
Event: 0.553 Loading class sun/nio/fs/UnixChannelFactory
Event: 0.554 Loading class sun/nio/fs/UnixChannelFactory done
Event: 0.554 Loading class sun/nio/fs/UnixChannelFactory$Flags
Event: 0.554 Loading class sun/nio/fs/UnixChannelFactory$Flags done
Event: 0.554 Loading class sun/nio/ch/FileChannelImpl$Closer
Event: 0.554 Loading class sun/nio/ch/FileChannelImpl$Closer done
Event: 0.554 Loading class java/nio/channels/Channels
Event: 0.554 Loading class java/nio/channels/Channels done
Event: 0.554 Loading class sun/nio/ch/ChannelInputStream
Event: 0.554 Loading class sun/nio/ch/ChannelInputStream done
Event: 0.556 Loading class java/nio/channels/SelectableChannel
Event: 0.556 Loading class java/nio/channels/SelectableChannel done
Event: 0.556 Loading class sun/nio/ch/Util$BufferCache
Event: 0.556 Loading class sun/nio/ch/Util$BufferCache done
Event: 0.558 Loading class java/nio/DirectByteBuffer$Deallocator
Event: 0.558 Loading class java/nio/DirectByteBuffer$Deallocator done
Event: 0.656 Loading class jdk/internal/reflect/UnsafeQualifiedObjectFieldAccessorImpl
Event: 0.656 Loading class jdk/internal/reflect/UnsafeQualifiedFieldAccessorImpl
Event: 0.656 Loading class jdk/internal/reflect/UnsafeQualifiedFieldAccessorImpl done
Event: 0.656 Loading class jdk/internal/reflect/UnsafeQualifiedObjectFieldAccessorImpl done

Classes unloaded (0 events):
No events

Classes redefined (0 events):
No events

Internal exceptions (20 events):
Event: 0.630 Thread 0x0000700ac8018460 Exception <a 'unicorn/UnicornException'{0x000000075dee4b60}: Invalid memory mapping (UC_ERR_MAP)> (0x000000075dee4b60) 
thrown [./src/hotspot/share/prims/jni.cpp, line 535]
Event: 0.630 Thread 0x0000700ac8018460 Exception <a 'unicorn/UnicornException'{0x000000075dee52d0}: Invalid memory mapping (UC_ERR_MAP)> (0x000000075dee52d0) 
thrown [./src/hotspot/share/prims/jni.cpp, line 535]
Event: 0.630 Thread 0x0000700ac8018460 Exception <a 'unicorn/UnicornException'{0x000000075dee5a48}: Invalid memory mapping (UC_ERR_MAP)> (0x000000075dee5a48) 
thrown [./src/hotspot/share/prims/jni.cpp, line 535]
Event: 0.630 Thread 0x0000700ac8018460 Exception <a 'unicorn/UnicornException'{0x000000075dee61b8}: Invalid memory mapping (UC_ERR_MAP)> (0x000000075dee61b8) 
thrown [./src/hotspot/share/prims/jni.cpp, line 535]
Event: 0.630 Thread 0x0000700ac8018460 Exception <a 'unicorn/UnicornException'{0x000000075dee6928}: Invalid memory mapping (UC_ERR_MAP)> (0x000000075dee6928) 
thrown [./src/hotspot/share/prims/jni.cpp, line 535]
Event: 0.630 Thread 0x0000700ac8018460 Exception <a 'unicorn/UnicornException'{0x000000075dee7098}: Invalid memory mapping (UC_ERR_MAP)> (0x000000075dee7098) 
thrown [./src/hotspot/share/prims/jni.cpp, line 535]
Event: 0.630 Thread 0x0000700ac8018460 Exception <a 'unicorn/UnicornException'{0x000000075dee7808}: Invalid memory mapping (UC_ERR_MAP)> (0x000000075dee7808) 
thrown [./src/hotspot/share/prims/jni.cpp, line 535]
Event: 0.630 Thread 0x0000700ac8018460 Exception <a 'unicorn/UnicornException'{0x000000075dee7f78}: Invalid memory mapping (UC_ERR_MAP)> (0x000000075dee7f78) 
thrown [./src/hotspot/share/prims/jni.cpp, line 535]
Event: 0.630 Thread 0x0000700ac8018460 Exception <a 'unicorn/UnicornException'{0x000000075dee86e8}: Invalid memory mapping (UC_ERR_MAP)> (0x000000075dee86e8) 
thrown [./src/hotspot/share/prims/jni.cpp, line 535]
Event: 0.630 Thread 0x0000700ac8018460 Exception <a 'unicorn/UnicornException'{0x000000075dee8e58}: Invalid memory mapping (UC_ERR_MAP)> (0x000000075dee8e58) 
thrown [./src/hotspot/share/prims/jni.cpp, line 535]
Event: 0.630 Thread 0x0000700ac8018460 Exception <a 'unicorn/UnicornException'{0x000000075dee95c8}: Invalid memory mapping (UC_ERR_MAP)> (0x000000075dee95c8) 
thrown [./src/hotspot/share/prims/jni.cpp, line 535]
Event: 0.630 Thread 0x0000700ac8018460 Exception <a 'unicorn/UnicornException'{0x000000075dee9d38}: Invalid memory mapping (UC_ERR_MAP)> (0x000000075dee9d38) 
thrown [./src/hotspot/share/prims/jni.cpp, line 535]
Event: 0.630 Thread 0x0000700ac8018460 Exception <a 'unicorn/UnicornException'{0x000000075deea4a8}: Invalid memory mapping (UC_ERR_MAP)> (0x000000075deea4a8) 
thrown [./src/hotspot/share/prims/jni.cpp, line 535]
Event: 0.630 Thread 0x0000700ac8018460 Exception <a 'unicorn/UnicornException'{0x000000075deeac18}: Invalid memory mapping (UC_ERR_MAP)> (0x000000075deeac18) 
thrown [./src/hotspot/share/prims/jni.cpp, line 535]
Event: 0.630 Thread 0x0000700ac8018460 Exception <a 'unicorn/UnicornException'{0x000000075deeb388}: Invalid memory mapping (UC_ERR_MAP)> (0x000000075deeb388) 
thrown [./src/hotspot/share/prims/jni.cpp, line 535]
Event: 0.630 Thread 0x0000700ac8018460 Exception <a 'unicorn/UnicornException'{0x000000075deebaf8}: Invalid memory mapping (UC_ERR_MAP)> (0x000000075deebaf8) 
thrown [./src/hotspot/share/prims/jni.cpp, line 535]
Event: 0.630 Thread 0x0000700ac8018460 Exception <a 'unicorn/UnicornException'{0x000000075deec268}: Invalid memory mapping (UC_ERR_MAP)> (0x000000075deec268) 
thrown [./src/hotspot/share/prims/jni.cpp, line 535]
Event: 0.630 Thread 0x0000700ac8018460 Exception <a 'unicorn/UnicornException'{0x000000075deec9d8}: Invalid memory mapping (UC_ERR_MAP)> (0x000000075deec9d8) 
thrown [./src/hotspot/share/prims/jni.cpp, line 535]
Event: 0.660 Thread 0x0000700ac8018460 Exception <a 'unicorn/UnicornException'{0x000000075df6aa28}: Invalid memory read (UC_ERR_READ_UNMAPPED)> (0x000000075df6aa28) 
thrown [./src/hotspot/share/prims/jni.cpp, line 535]
Event: 0.661 Thread 0x0000700ac8018460 Exception <a 'unicorn/UnicornException'{0x000000075df6be70}: Invalid memory read (UC_ERR_READ_UNMAPPED)> (0x000000075df6be70) 
thrown [./src/hotspot/share/prims/jni.cpp, line 535]

VM Operations (20 events):
Event: 0.148 Executing VM operation: HandshakeAllThreads
Event: 0.148 Executing VM operation: HandshakeAllThreads done
Event: 0.171 Executing VM operation: HandshakeAllThreads
Event: 0.171 Executing VM operation: HandshakeAllThreads done
Event: 0.181 Executing VM operation: HandshakeAllThreads
Event: 0.181 Executing VM operation: HandshakeAllThreads done
Event: 0.182 Executing VM operation: HandshakeAllThreads
Event: 0.182 Executing VM operation: HandshakeAllThreads done
Event: 0.330 Executing VM operation: G1CollectForAllocation
Event: 0.335 Executing VM operation: G1CollectForAllocation done
Event: 0.345 Executing VM operation: HandshakeAllThreads
Event: 0.345 Executing VM operation: HandshakeAllThreads done
Event: 0.536 Executing VM operation: HandshakeAllThreads
Event: 0.536 Executing VM operation: HandshakeAllThreads done
Event: 0.655 Executing VM operation: HandshakeAllThreads
Event: 0.655 Executing VM operation: HandshakeAllThreads done
Event: 1.655 Executing VM operation: Cleanup
Event: 1.655 Executing VM operation: Cleanup done
Event: 60.037 Executing VM operation: HandshakeAllThreads
Event: 60.037 Executing VM operation: HandshakeAllThreads done

Memory protections (14 events):
Event: 0.001 Protecting memory [0x0000700ace900000,0x0000700ace904000] with protection modes 0
Event: 0.014 Protecting memory [0x0000700aa8c29000,0x0000700aa8c2d000] with protection modes 0
Event: 0.014 Protecting memory [0x0000700aa8b29000,0x0000700aa8b2d000] with protection modes 0
Event: 0.016 Protecting memory [0x0000700aa8a29000,0x0000700aa8a2d000] with protection modes 0
Event: 0.016 Protecting memory [0x0000700aa8300000,0x0000700aa8304000] with protection modes 0
Event: 0.016 Protecting memory [0x0000700aa8200000,0x0000700aa8204000] with protection modes 0
Event: 0.016 Protecting memory [0x0000700aa8100000,0x0000700aa8104000] with protection modes 0
Event: 0.016 Protecting memory [0x0000700aa8000000,0x0000700aa8004000] with protection modes 0
Event: 0.017 Protecting memory [0x0000700a4ef00000,0x0000700a4ef04000] with protection modes 0
Event: 0.019 Protecting memory [0x0000700a4ee00000,0x0000700a4ee04000] with protection modes 0
Event: 0.020 Protecting memory [0x0000700a4ebff000,0x0000700a4ec03000] with protection modes 0
Event: 0.318 Protecting memory [0x0000700a4e500000,0x0000700a4e504000] with protection modes 0
Event: 0.346 Protecting memory [0x0000700a4eb72000,0x0000700a4eb76000] with protection modes 0
Event: 0.403 Protecting memory [0x0000700a4c900000,0x0000700a4c904000] with protection modes 0

Nmethod flushes (0 events):
No events

Events (17 events):
Event: 0.013 Thread 0x0000700ac8018460 Thread added: 0x0000700ac8018460
Event: 0.014 Thread 0x0000700ac8018460 Thread added: 0x0000700ac81fbd30
Event: 0.014 Thread 0x0000700ac8018460 Thread added: 0x0000700ac81fd120
Event: 0.016 Thread 0x0000700ac8018460 Thread added: 0x0000700ac82026c0
Event: 0.016 Thread 0x0000700ac8018460 Thread added: 0x0000700ac8203a80
Event: 0.016 Thread 0x0000700ac8018460 Thread added: 0x0000700ac8204ea0
Event: 0.016 Thread 0x0000700ac8018460 Thread added: 0x0000700ac8206860
Event: 0.016 Thread 0x0000700ac8018460 Thread added: 0x0000700ac8207da0
Event: 0.017 Thread 0x0000700ac8018460 Thread added: 0x0000700ac8211210
Event: 0.019 Thread 0x0000700ac8018460 Thread added: 0x0000700ac8218c50
Event: 0.020 Thread 0x0000700ac8018460 Thread added: 0x0000700ac821c3e0
Event: 0.317 Thread 0x0000700ac8207da0 Thread added: 0x0000700a282a2bc0
Event: 0.346 Thread 0x0000700ac8018460 Thread added: 0x0000700ac860aed0
Event: 0.403 Thread 0x0000700ac8207da0 Thread added: 0x0000700a282a7740
Event: 5.997 Thread 0x0000700a282a7740 Thread exited: 0x0000700a282a7740
Event: 10.960 Thread 0x0000700a282a2bc0 Thread exited: 0x0000700a282a2bc0
Event: 60.349 Thread 0x0000700ac860aed0 Thread exited: 0x0000700ac860aed0


Dynamic libraries:
740000000-75ea00000 rw-p 00000000 00:00 0 
75ea00000-7ffc00000 ---p 00000000 00:00 0 
7ffc00000-7ffd00000 rw-p 00000000 00:00 0 
7ffd00000-7ffd75000 rw-p 00c77000 103:02 23605002                        /usr/lib/jvm/java-17-openjdk-amd64/lib/server/classes.jsa
7ffd75000-7ffe00000 rw-p 00000000 00:00 0 
7ffe00000-7ffe78000 rw-p 00bff000 103:02 23605002                        /usr/lib/jvm/java-17-openjdk-amd64/lib/server/classes.jsa
7ffe78000-800000000 rw-p 00000000 00:00 0 
63ebe6506000-63ebe6507000 r--p 00000000 103:02 23604847                  /usr/lib/jvm/java-17-openjdk-amd64/bin/java
63ebe6507000-63ebe6508000 r-xp 00001000 103:02 23604847                  /usr/lib/jvm/java-17-openjdk-amd64/bin/java
63ebe6508000-63ebe6509000 r--p 00002000 103:02 23604847                  /usr/lib/jvm/java-17-openjdk-amd64/bin/java
63ebe6509000-63ebe650a000 r--p 00002000 103:02 23604847                  /usr/lib/jvm/java-17-openjdk-amd64/bin/java
63ebe650a000-63ebe650b000 rw-p 00003000 103:02 23604847                  /usr/lib/jvm/java-17-openjdk-amd64/bin/java
63ec09c10000-63ec09c58000 rw-p 00000000 00:00 0                          [heap]
70097bbff000-70097c500000 rw-p 00000000 00:00 0 
70097c500000-70097c501000 ---p 00000000 00:00 0 
70097c600000-70097c700000 rw-p 00000000 00:00 0 
70097c700000-70097c701000 ---p 00000000 00:00 0 
70097c800000-70097c900000 rw-p 00000000 00:00 0 
70097c900000-70097c901000 ---p 00000000 00:00 0 
70097ca00000-70097cb00000 rw-p 00000000 00:00 0 
70097cb00000-70097cb01000 ---p 00000000 00:00 0 
70097cc00000-70097cd00000 rw-p 00000000 00:00 0 
70097cd00000-70097cd01000 ---p 00000000 00:00 0 
70097ce00000-70097cf00000 rw-p 00000000 00:00 0 
70097cf00000-70097cf01000 ---p 00000000 00:00 0 
70097d000000-70097d100000 rw-p 00000000 00:00 0 
70097d100000-70097d101000 ---p 00000000 00:00 0 
70097d200000-70097d300000 rw-p 00000000 00:00 0 
70097d300000-70097d301000 ---p 00000000 00:00 0 
70097d400000-70097d500000 rw-p 00000000 00:00 0 
70097d500000-70097d501000 ---p 00000000 00:00 0 
70097d600000-70097d700000 rw-p 00000000 00:00 0 
70097d700000-70097d701000 ---p 00000000 00:00 0 
70097d800000-70097d900000 rw-p 00000000 00:00 0 
70097d900000-70097d901000 ---p 00000000 00:00 0 
70097da00000-70097db00000 rw-p 00000000 00:00 0 
70097db00000-70097db01000 ---p 00000000 00:00 0 
70097dc00000-70097dd00000 rw-p 00000000 00:00 0 
70097dd00000-70097dd01000 ---p 00000000 00:00 0 
70097de00000-70097df00000 rw-p 00000000 00:00 0 
70097df00000-70097df01000 ---p 00000000 00:00 0 
70097e000000-70097e100000 rw-p 00000000 00:00 0 
70097e100000-70097e101000 ---p 00000000 00:00 0 
70097e200000-70097e300000 rw-p 00000000 00:00 0 
70097e300000-70097e301000 ---p 00000000 00:00 0 
70097e400000-70097e500000 rw-p 00000000 00:00 0 
70097e500000-70097e501000 ---p 00000000 00:00 0 
70097e600000-70097e700000 rw-p 00000000 00:00 0 
70097e700000-70097e701000 ---p 00000000 00:00 0 
70097e800000-70097e900000 rw-p 00000000 00:00 0 
70097e900000-70097e901000 ---p 00000000 00:00 0 
70097ea00000-70097eb00000 rw-p 00000000 00:00 0 
70097eb00000-70097eb01000 ---p 00000000 00:00 0 
70097ec00000-70097ed00000 rw-p 00000000 00:00 0 
70097ed00000-70097ed01000 ---p 00000000 00:00 0 
70097ee00000-70097ef00000 rw-p 00000000 00:00 0 
70097ef00000-70097ef01000 ---p 00000000 00:00 0 
70097f000000-70097f100000 rw-p 00000000 00:00 0 
70097f100000-70097f101000 ---p 00000000 00:00 0 
70097f200000-70097f300000 rw-p 00000000 00:00 0 
70097f300000-70097f301000 ---p 00000000 00:00 0 
70097f400000-70097f500000 rw-p 00000000 00:00 0 
70097f500000-70097f501000 ---p 00000000 00:00 0 
70097f600000-70097f700000 rw-p 00000000 00:00 0 
70097f700000-70097f701000 ---p 00000000 00:00 0 
70097f800000-70097f900000 rw-p 00000000 00:00 0 
70097f900000-70097f901000 ---p 00000000 00:00 0 
70097fa00000-70097fb00000 rw-p 00000000 00:00 0 
70097fb00000-70097fb01000 ---p 00000000 00:00 0 
70097fc00000-70097fd00000 rw-p 00000000 00:00 0 
70097fd00000-70097fd01000 ---p 00000000 00:00 0 
70097fe00000-70097fe10000 rw-p 00000000 00:00 0 
70097fe10000-70097fe11000 ---p 00000000 00:00 0 
700980000000-700980010000 rw-p 00000000 00:00 0 
700980010000-700980011000 ---p 00000000 00:00 0 
700980200000-700980210000 rw-p 00000000 00:00 0 
700980210000-700980211000 ---p 00000000 00:00 0 
700980400000-700980410000 rw-p 00000000 00:00 0 
700980410000-700980411000 ---p 00000000 00:00 0 
700980600000-700980610000 rw-p 00000000 00:00 0 
700980610000-700980611000 ---p 00000000 00:00 0 
700980800000-700980810000 rw-p 00000000 00:00 0 
700980810000-700980811000 ---p 00000000 00:00 0 
700980a00000-700980a10000 rw-p 00000000 00:00 0 
700980a10000-700980a11000 ---p 00000000 00:00 0 
700980c00000-700980c10000 rw-p 00000000 00:00 0 
700980c10000-700980c11000 ---p 00000000 00:00 0 
700980e00000-700980e01000 rw-p 00000000 00:00 0 
700980e01000-700980e02000 ---p 00000000 00:00 0 
700981000000-700981001000 rw-p 00000000 00:00 0 
700981001000-700981002000 ---p 00000000 00:00 0 
700981200000-700981201000 rw-p 00000000 00:00 0 
700981201000-700981202000 ---p 00000000 00:00 0 
700981400000-700981500000 rw-p 00000000 00:00 0 
700981500000-700981501000 ---p 00000000 00:00 0 
700981600000-700981700000 rw-p 00000000 00:00 0 
700981700000-700981701000 ---p 00000000 00:00 0 
700981800000-700981900000 rw-p 00000000 00:00 0 
700981900000-700981901000 ---p 00000000 00:00 0 
700981a00000-700981b00000 rw-p 00000000 00:00 0 
700981b00000-700981b01000 ---p 00000000 00:00 0 
700981c00000-700981d00000 rw-p 00000000 00:00 0 
700981d00000-700981d01000 ---p 00000000 00:00 0 
700981e00000-700981f00000 rw-p 00000000 00:00 0 
700981f00000-700981f01000 ---p 00000000 00:00 0 
700982000000-700982100000 rw-p 00000000 00:00 0 
700982100000-700982101000 ---p 00000000 00:00 0 
700982200000-700982300000 rw-p 00000000 00:00 0 
700982300000-700982301000 ---p 00000000 00:00 0 
700982400000-700982500000 rw-p 00000000 00:00 0 
700982500000-700982501000 ---p 00000000 00:00 0 
700982600000-700982700000 rw-p 00000000 00:00 0 
700982700000-700982701000 ---p 00000000 00:00 0 
700982800000-700982900000 rw-p 00000000 00:00 0 
700982900000-700982901000 ---p 00000000 00:00 0 
700982a00000-700982b00000 rw-p 00000000 00:00 0 
700982b00000-700982b01000 ---p 00000000 00:00 0 
700982c00000-700982d00000 rw-p 00000000 00:00 0 
700982d00000-700982d01000 ---p 00000000 00:00 0 
700982e00000-700982f00000 rw-p 00000000 00:00 0 
700982f00000-700982f01000 ---p 00000000 00:00 0 
700983000000-700983100000 rw-p 00000000 00:00 0 
700983100000-700983101000 ---p 00000000 00:00 0 
700983200000-700983300000 rw-p 00000000 00:00 0 
700983300000-700983301000 ---p 00000000 00:00 0 
700983400000-700983500000 rw-p 00000000 00:00 0 
700983500000-700983501000 ---p 00000000 00:00 0 
700983600000-700983700000 rw-p 00000000 00:00 0 
700983700000-700983701000 ---p 00000000 00:00 0 
700983800000-700983900000 rw-p 00000000 00:00 0 
700983900000-700983901000 ---p 00000000 00:00 0 
700983a00000-700983b00000 rw-p 00000000 00:00 0 
700983b00000-700983b01000 ---p 00000000 00:00 0 
700983c00000-700983d00000 rw-p 00000000 00:00 0 
700983d00000-700983d01000 ---p 00000000 00:00 0 
700983e00000-700983f00000 rw-p 00000000 00:00 0 
700983f00000-700983f01000 ---p 00000000 00:00 0 
700984000000-700984100000 rw-p 00000000 00:00 0 
700984100000-700984101000 ---p 00000000 00:00 0 
700984200000-700984300000 rw-p 00000000 00:00 0 
700984300000-700984301000 ---p 00000000 00:00 0 
700984400000-700984500000 rw-p 00000000 00:00 0 
700984500000-700984501000 ---p 00000000 00:00 0 
700984600000-700984700000 rw-p 00000000 00:00 0 
700984700000-700984701000 ---p 00000000 00:00 0 
700984800000-700984900000 rw-p 00000000 00:00 0 
700984900000-700984901000 ---p 00000000 00:00 0 
700984a00000-700984b00000 rw-p 00000000 00:00 0 
700984b00000-700984b01000 ---p 00000000 00:00 0 
700984c00000-700984d00000 rw-p 00000000 00:00 0 
700984d00000-700984d01000 ---p 00000000 00:00 0 
700984e00000-700984f00000 rw-p 00000000 00:00 0 
700984f00000-700984f01000 ---p 00000000 00:00 0 
700985000000-700985100000 rw-p 00000000 00:00 0 
700985100000-700985101000 ---p 00000000 00:00 0 
700985200000-700985300000 rw-p 00000000 00:00 0 
700985300000-700985301000 ---p 00000000 00:00 0 
700985400000-700985500000 rw-p 00000000 00:00 0 
700985500000-700985501000 ---p 00000000 00:00 0 
700985600000-700985700000 rw-p 00000000 00:00 0 
700985700000-700985701000 ---p 00000000 00:00 0 
700985800000-700985900000 rw-p 00000000 00:00 0 
700985900000-700985901000 ---p 00000000 00:00 0 
700985a00000-700985b00000 rw-p 00000000 00:00 0 
700985b00000-700985b01000 ---p 00000000 00:00 0 
700985c00000-700985d00000 rw-p 00000000 00:00 0 
700985d00000-700985d01000 ---p 00000000 00:00 0 
700985e00000-700985f00000 rw-p 00000000 00:00 0 
700985f00000-700985f01000 ---p 00000000 00:00 0 
700986000000-700986100000 rw-p 00000000 00:00 0 
700986100000-700986101000 ---p 00000000 00:00 0 
700986200000-700986300000 rw-p 00000000 00:00 0 
700986300000-700986301000 ---p 00000000 00:00 0 
700986400000-700986500000 rw-p 00000000 00:00 0 
700986500000-700986501000 ---p 00000000 00:00 0 
700986600000-700986700000 rw-p 00000000 00:00 0 
700986700000-700986701000 ---p 00000000 00:00 0 
700986800000-700986900000 rw-p 00000000 00:00 0 
700986900000-700986901000 ---p 00000000 00:00 0 
700986a00000-700986b00000 rw-p 00000000 00:00 0 
700986b00000-700986b01000 ---p 00000000 00:00 0 
700986c00000-700986d00000 rw-p 00000000 00:00 0 
700986d00000-700986d01000 ---p 00000000 00:00 0 
700986e00000-700986f00000 rw-p 00000000 00:00 0 
700986f00000-700986f01000 ---p 00000000 00:00 0 
700987000000-700987100000 rw-p 00000000 00:00 0 
700987100000-700987101000 ---p 00000000 00:00 0 
700987200000-700987300000 rw-p 00000000 00:00 0 
700987300000-700987301000 ---p 00000000 00:00 0 
700987400000-700987500000 rw-p 00000000 00:00 0 
700987500000-700987501000 ---p 00000000 00:00 0 
700987600000-700987700000 rw-p 00000000 00:00 0 
700987700000-700987701000 ---p 00000000 00:00 0 
700987800000-700987900000 rw-p 00000000 00:00 0 
700987900000-700987901000 ---p 00000000 00:00 0 
700987a00000-700987b00000 rw-p 00000000 00:00 0 
700987b00000-700987b01000 ---p 00000000 00:00 0 
700987c00000-700987d00000 rw-p 00000000 00:00 0 
700987d00000-700987d01000 ---p 00000000 00:00 0 
700987e00000-700987f00000 rw-p 00000000 00:00 0 
700987f00000-700987f01000 ---p 00000000 00:00 0 
700988000000-700988100000 rw-p 00000000 00:00 0 
700988100000-700988101000 ---p 00000000 00:00 0 
700988200000-700988300000 rw-p 00000000 00:00 0 
700988300000-700988301000 ---p 00000000 00:00 0 
700988400000-700988500000 rw-p 00000000 00:00 0 
700988500000-700988501000 ---p 00000000 00:00 0 
700988600000-700988700000 rw-p 00000000 00:00 0 
700988700000-700988701000 ---p 00000000 00:00 0 
700988800000-700988900000 rw-p 00000000 00:00 0 
700988900000-700988901000 ---p 00000000 00:00 0 
700988a00000-700988b00000 rw-p 00000000 00:00 0 
700988b00000-700988b01000 ---p 00000000 00:00 0 
700988c00000-700988d00000 rw-p 00000000 00:00 0 
700988d00000-700988d01000 ---p 00000000 00:00 0 
700988e00000-700988f00000 rw-p 00000000 00:00 0 
700988f00000-700988f01000 ---p 00000000 00:00 0 
700989000000-700989100000 rw-p 00000000 00:00 0 
700989100000-700989101000 ---p 00000000 00:00 0 
700989200000-700989300000 rw-p 00000000 00:00 0 
700989300000-700989301000 ---p 00000000 00:00 0 
700989400000-700989500000 rw-p 00000000 00:00 0 
700989500000-700989501000 ---p 00000000 00:00 0 
700989600000-700989700000 rw-p 00000000 00:00 0 
700989700000-700989701000 ---p 00000000 00:00 0 
700989800000-700989900000 rw-p 00000000 00:00 0 
700989900000-700989901000 ---p 00000000 00:00 0 
700989a00000-700989b00000 rw-p 00000000 00:00 0 
700989b00000-700989b01000 ---p 00000000 00:00 0 
700989c00000-700989d00000 rw-p 00000000 00:00 0 
700989d00000-700989d01000 ---p 00000000 00:00 0 
700989e00000-700989f00000 rw-p 00000000 00:00 0 
700989f00000-700989f01000 ---p 00000000 00:00 0 
70098a000000-70098a100000 rw-p 00000000 00:00 0 
70098a100000-70098a101000 ---p 00000000 00:00 0 
70098a200000-70098a300000 rw-p 00000000 00:00 0 
70098a300000-70098a301000 ---p 00000000 00:00 0 
70098a400000-70098a500000 rw-p 00000000 00:00 0 
70098a500000-70098a501000 ---p 00000000 00:00 0 
70098a600000-70098a700000 rw-p 00000000 00:00 0 
70098a700000-70098a701000 ---p 00000000 00:00 0 
70098a800000-70098a900000 rw-p 00000000 00:00 0 
70098a900000-70098a901000 ---p 00000000 00:00 0 
70098aa00000-70098ab00000 rw-p 00000000 00:00 0 
70098ab00000-70098ab01000 ---p 00000000 00:00 0 
70098ac00000-70098ad00000 rw-p 00000000 00:00 0 
70098ad00000-70098ad01000 ---p 00000000 00:00 0 
70098ae00000-70098af00000 rw-p 00000000 00:00 0 
70098af00000-70098af01000 ---p 00000000 00:00 0 
70098b000000-70098b100000 rw-p 00000000 00:00 0 
70098b100000-70098b101000 ---p 00000000 00:00 0 
70098b200000-70098b300000 rw-p 00000000 00:00 0 
70098b300000-70098b301000 ---p 00000000 00:00 0 
70098b400000-70098b500000 rw-p 00000000 00:00 0 
70098b500000-70098b501000 ---p 00000000 00:00 0 
70098b600000-70098b700000 rw-p 00000000 00:00 0 
70098b700000-70098b701000 ---p 00000000 00:00 0 
70098b800000-70098b900000 rw-p 00000000 00:00 0 
70098b900000-70098b901000 ---p 00000000 00:00 0 
70098ba00000-70098bb00000 rw-p 00000000 00:00 0 
70098bb00000-70098bb01000 ---p 00000000 00:00 0 
70098bc00000-70098bd00000 rw-p 00000000 00:00 0 
70098bd00000-70098bd01000 ---p 00000000 00:00 0 
70098be00000-70098bf00000 rw-p 00000000 00:00 0 
70098bf00000-70098bf01000 ---p 00000000 00:00 0 
70098c000000-70098c100000 rw-p 00000000 00:00 0 
70098c100000-70098c101000 ---p 00000000 00:00 0 
70098c200000-70098c300000 rw-p 00000000 00:00 0 
70098c300000-70098c301000 ---p 00000000 00:00 0 
70098c400000-70098c500000 rw-p 00000000 00:00 0 
70098c500000-70098c501000 ---p 00000000 00:00 0 
70098c600000-70098c700000 rw-p 00000000 00:00 0 
70098c700000-70098c701000 ---p 00000000 00:00 0 
70098c800000-70098c900000 rw-p 00000000 00:00 0 
70098c900000-70098c901000 ---p 00000000 00:00 0 
70098ca00000-70098cb00000 rw-p 00000000 00:00 0 
70098cb00000-70098cb01000 ---p 00000000 00:00 0 
70098cc00000-70098cd00000 rw-p 00000000 00:00 0 
70098cd00000-70098cd01000 ---p 00000000 00:00 0 
70098ce00000-70098cf00000 rw-p 00000000 00:00 0 
70098cf00000-70098cf01000 ---p 00000000 00:00 0 
70098d000000-70098d100000 rw-p 00000000 00:00 0 
70098d100000-70098d101000 ---p 00000000 00:00 0 
70098d200000-70098d300000 rw-p 00000000 00:00 0 
70098d300000-70098d301000 ---p 00000000 00:00 0 
70098d400000-70098d500000 rw-p 00000000 00:00 0 
70098d500000-70098d501000 ---p 00000000 00:00 0 
70098d600000-70098d700000 rw-p 00000000 00:00 0 
70098d700000-70098d701000 ---p 00000000 00:00 0 
70098d800000-70098d900000 rw-p 00000000 00:00 0 
70098d900000-70098d901000 ---p 00000000 00:00 0 
70098da00000-70098db00000 rw-p 00000000 00:00 0 
70098db00000-70098db01000 ---p 00000000 00:00 0 
70098dc00000-70098dd00000 rw-p 00000000 00:00 0 
70098dd00000-70098dd01000 ---p 00000000 00:00 0 
70098de00000-70098df00000 rw-p 00000000 00:00 0 
70098df00000-70098df01000 ---p 00000000 00:00 0 
70098e000000-70098e100000 rw-p 00000000 00:00 0 
70098e100000-70098e101000 ---p 00000000 00:00 0 
70098e200000-70098e300000 rw-p 00000000 00:00 0 
70098e300000-70098e301000 ---p 00000000 00:00 0 
70098e400000-70098e500000 rw-p 00000000 00:00 0 
70098e500000-70098e501000 ---p 00000000 00:00 0 
70098e600000-70098e700000 rw-p 00000000 00:00 0 
70098e700000-70098e701000 ---p 00000000 00:00 0 
70098e800000-70098e900000 rw-p 00000000 00:00 0 
70098e900000-70098e901000 ---p 00000000 00:00 0 
70098ea00000-70098eb00000 rw-p 00000000 00:00 0 
70098eb00000-70098eb01000 ---p 00000000 00:00 0 
70098ec00000-70098ed00000 rw-p 00000000 00:00 0 
70098ed00000-70098ed01000 ---p 00000000 00:00 0 
70098ee00000-70098ef00000 rw-p 00000000 00:00 0 
70098ef00000-70098ef01000 ---p 00000000 00:00 0 
70098f000000-70098f100000 rw-p 00000000 00:00 0 
70098f100000-70098f101000 ---p 00000000 00:00 0 
70098f200000-70098f300000 rw-p 00000000 00:00 0 
70098f300000-70098f301000 ---p 00000000 00:00 0 
70098f400000-70098f500000 rw-p 00000000 00:00 0 
70098f500000-70098f501000 ---p 00000000 00:00 0 
70098f600000-70098f700000 rw-p 00000000 00:00 0 
70098f700000-70098f701000 ---p 00000000 00:00 0 
70098f800000-70098f900000 rw-p 00000000 00:00 0 
70098f900000-70098f901000 ---p 00000000 00:00 0 
70098fa00000-70098fb00000 rw-p 00000000 00:00 0 
70098fb00000-70098fb01000 ---p 00000000 00:00 0 
70098fc00000-70098fd00000 rw-p 00000000 00:00 0 
70098fd00000-70098fd01000 ---p 00000000 00:00 0 
70098fe00000-70098ff00000 rw-p 00000000 00:00 0 
70098ff00000-70098ff01000 ---p 00000000 00:00 0 
700990000000-700990100000 rw-p 00000000 00:00 0 
700990100000-700990101000 ---p 00000000 00:00 0 
700990200000-700990300000 rw-p 00000000 00:00 0 
700990300000-700990301000 ---p 00000000 00:00 0 
700990400000-700990500000 rw-p 00000000 00:00 0 
700990500000-700990501000 ---p 00000000 00:00 0 
700990600000-700990700000 rw-p 00000000 00:00 0 
700990700000-700990701000 ---p 00000000 00:00 0 
700990800000-700990900000 rw-p 00000000 00:00 0 
700990900000-700990901000 ---p 00000000 00:00 0 
700990a00000-700990b00000 rw-p 00000000 00:00 0 
700990b00000-700990b01000 ---p 00000000 00:00 0 
700990c00000-700990d00000 rw-p 00000000 00:00 0 
700990d00000-700990d01000 ---p 00000000 00:00 0 
700990e00000-700990f00000 rw-p 00000000 00:00 0 
700990f00000-700990f01000 ---p 00000000 00:00 0 
700991000000-700991100000 rw-p 00000000 00:00 0 
700991100000-700991101000 ---p 00000000 00:00 0 
700991200000-700991300000 rw-p 00000000 00:00 0 
700991300000-700991301000 ---p 00000000 00:00 0 
700991400000-700991500000 rw-p 00000000 00:00 0 
700991500000-700991501000 ---p 00000000 00:00 0 
700991600000-700991700000 rw-p 00000000 00:00 0 
700991700000-700991701000 ---p 00000000 00:00 0 
700991800000-700991900000 rw-p 00000000 00:00 0 
700991900000-700991901000 ---p 00000000 00:00 0 
700991a00000-700991b00000 rw-p 00000000 00:00 0 
700991b00000-700991b01000 ---p 00000000 00:00 0 
700991c00000-700991d00000 rw-p 00000000 00:00 0 
700991d00000-700991d01000 ---p 00000000 00:00 0 
700991e00000-700991f00000 rw-p 00000000 00:00 0 
700991f00000-700991f01000 ---p 00000000 00:00 0 
700992000000-700992100000 rw-p 00000000 00:00 0 
700992100000-700992101000 ---p 00000000 00:00 0 
700992200000-700992300000 rw-p 00000000 00:00 0 
700992300000-700992301000 ---p 00000000 00:00 0 
700992400000-700992500000 rw-p 00000000 00:00 0 
700992500000-700992501000 ---p 00000000 00:00 0 
700992600000-700992700000 rw-p 00000000 00:00 0 
700992700000-700992701000 ---p 00000000 00:00 0 
700992800000-700992900000 rw-p 00000000 00:00 0 
700992900000-700992901000 ---p 00000000 00:00 0 
700992a00000-700992b00000 rw-p 00000000 00:00 0 
700992b00000-700992b01000 ---p 00000000 00:00 0 
700992c00000-700992d00000 rw-p 00000000 00:00 0 
700992d00000-700992d01000 ---p 00000000 00:00 0 
700992e00000-700992f00000 rw-p 00000000 00:00 0 
700992f00000-700992f01000 ---p 00000000 00:00 0 
700993000000-700993100000 rw-p 00000000 00:00 0 
700993100000-700993101000 ---p 00000000 00:00 0 
700993200000-700993300000 rw-p 00000000 00:00 0 
700993300000-700993301000 ---p 00000000 00:00 0 
700993400000-700993500000 rw-p 00000000 00:00 0 
700993500000-700993501000 ---p 00000000 00:00 0 
700993600000-700993700000 rw-p 00000000 00:00 0 
700993700000-700993701000 ---p 00000000 00:00 0 
700993800000-700993900000 rw-p 00000000 00:00 0 
700993900000-700993901000 ---p 00000000 00:00 0 
700993a00000-700993b00000 rw-p 00000000 00:00 0 
700993b00000-700993b01000 ---p 00000000 00:00 0 
700993c00000-700993d00000 rw-p 00000000 00:00 0 
700993d00000-700993d01000 ---p 00000000 00:00 0 
700993e00000-700993f00000 rw-p 00000000 00:00 0 
700993f00000-700993f01000 ---p 00000000 00:00 0 
700994000000-700994100000 rw-p 00000000 00:00 0 
700994100000-700994101000 ---p 00000000 00:00 0 
700994200000-700994300000 rw-p 00000000 00:00 0 
700994300000-700994301000 ---p 00000000 00:00 0 
700994400000-700994500000 rw-p 00000000 00:00 0 
700994500000-700994501000 ---p 00000000 00:00 0 
700994600000-700994700000 rw-p 00000000 00:00 0 
700994700000-700994701000 ---p 00000000 00:00 0 
700994800000-700994900000 rw-p 00000000 00:00 0 
700994900000-700994901000 ---p 00000000 00:00 0 
700994a00000-700994b00000 rw-p 00000000 00:00 0 
700994b00000-700994b01000 ---p 00000000 00:00 0 
700994c00000-700994d00000 rw-p 00000000 00:00 0 
700994d00000-700994d01000 ---p 00000000 00:00 0 
700994e00000-700994f00000 rw-p 00000000 00:00 0 
700994f00000-700994f01000 ---p 00000000 00:00 0 
700995000000-700995100000 rw-p 00000000 00:00 0 
700995100000-700995101000 ---p 00000000 00:00 0 
700995200000-700995300000 rw-p 00000000 00:00 0 
700995300000-700995301000 ---p 00000000 00:00 0 
700995400000-700995500000 rw-p 00000000 00:00 0 
700995500000-700995501000 ---p 00000000 00:00 0 
700995600000-700995700000 rw-p 00000000 00:00 0 
700995700000-700995701000 ---p 00000000 00:00 0 
700995800000-700995900000 rw-p 00000000 00:00 0 
700995900000-700995901000 ---p 00000000 00:00 0 
700995a00000-700995b00000 rw-p 00000000 00:00 0 
700995b00000-700995b01000 ---p 00000000 00:00 0 
700995c00000-700995d00000 rw-p 00000000 00:00 0 
700995d00000-700995d01000 ---p 00000000 00:00 0 
700995e00000-700995f00000 rw-p 00000000 00:00 0 
700995f00000-700995f01000 ---p 00000000 00:00 0 
700996000000-700996100000 rw-p 00000000 00:00 0 
700996100000-700996101000 ---p 00000000 00:00 0 
700996200000-700996300000 rw-p 00000000 00:00 0 
700996300000-700996301000 ---p 00000000 00:00 0 
700996400000-700996500000 rw-p 00000000 00:00 0 
700996500000-700996501000 ---p 00000000 00:00 0 
700996600000-700996700000 rw-p 00000000 00:00 0 
700996700000-700996701000 ---p 00000000 00:00 0 
700996800000-700996900000 rw-p 00000000 00:00 0 
700996900000-700996901000 ---p 00000000 00:00 0 
700996a00000-700996b00000 rw-p 00000000 00:00 0 
700996b00000-700996b01000 ---p 00000000 00:00 0 
700996c00000-700996d00000 rw-p 00000000 00:00 0 
700996d00000-700996d01000 ---p 00000000 00:00 0 
700996e00000-700996f00000 rw-p 00000000 00:00 0 
700996f00000-700996f01000 ---p 00000000 00:00 0 
700997000000-700997100000 rw-p 00000000 00:00 0 
700997100000-700997101000 ---p 00000000 00:00 0 
700997200000-700997300000 rw-p 00000000 00:00 0 
700997300000-700997301000 ---p 00000000 00:00 0 
700997400000-700997500000 rw-p 00000000 00:00 0 
700997500000-700997501000 ---p 00000000 00:00 0 
700997600000-700997700000 rw-p 00000000 00:00 0 
700997700000-700997701000 ---p 00000000 00:00 0 
700997800000-700997900000 rw-p 00000000 00:00 0 
700997900000-700997901000 ---p 00000000 00:00 0 
700997a00000-700997b00000 rw-p 00000000 00:00 0 
700997b00000-700997b01000 ---p 00000000 00:00 0 
700997c00000-700997d00000 rw-p 00000000 00:00 0 
700997d00000-700997d01000 ---p 00000000 00:00 0 
700997e00000-700997f00000 rw-p 00000000 00:00 0 
700997f00000-700997f01000 ---p 00000000 00:00 0 
700998000000-700998100000 rw-p 00000000 00:00 0 
700998100000-700998101000 ---p 00000000 00:00 0 
700998200000-700998300000 rw-p 00000000 00:00 0 
700998300000-700998301000 ---p 00000000 00:00 0 
700998400000-700998500000 rw-p 00000000 00:00 0 
700998500000-700998501000 ---p 00000000 00:00 0 
700998600000-700998700000 rw-p 00000000 00:00 0 
700998700000-700998701000 ---p 00000000 00:00 0 
700998800000-700998900000 rw-p 00000000 00:00 0 
700998900000-700998901000 ---p 00000000 00:00 0 
700998a00000-700998b00000 rw-p 00000000 00:00 0 
700998b00000-700998b01000 ---p 00000000 00:00 0 
700998c00000-700998d00000 rw-p 00000000 00:00 0 
700998d00000-700998d01000 ---p 00000000 00:00 0 
700998e00000-700998f00000 rw-p 00000000 00:00 0 
700998f00000-700998f01000 ---p 00000000 00:00 0 
700999000000-700999100000 rw-p 00000000 00:00 0 
700999100000-700999101000 ---p 00000000 00:00 0 
700999200000-700999300000 rw-p 00000000 00:00 0 
700999300000-700999301000 ---p 00000000 00:00 0 
700999400000-700999500000 rw-p 00000000 00:00 0 
700999500000-700999501000 ---p 00000000 00:00 0 
700999600000-700999700000 rw-p 00000000 00:00 0 
700999700000-700999701000 ---p 00000000 00:00 0 
700999800000-700999900000 rw-p 00000000 00:00 0 
700999900000-700999901000 ---p 00000000 00:00 0 
700999a00000-700999b00000 rw-p 00000000 00:00 0 
700999b00000-700999b01000 ---p 00000000 00:00 0 
700999c00000-700999d00000 rw-p 00000000 00:00 0 
700999d00000-700999d01000 ---p 00000000 00:00 0 
700999e00000-700999f00000 rw-p 00000000 00:00 0 
700999f00000-700999f01000 ---p 00000000 00:00 0 
70099a000000-70099a100000 rw-p 00000000 00:00 0 
70099a100000-70099a101000 ---p 00000000 00:00 0 
70099a200000-70099a300000 rw-p 00000000 00:00 0 
70099a300000-70099a301000 ---p 00000000 00:00 0 
70099a400000-70099a500000 rw-p 00000000 00:00 0 
70099a500000-70099a501000 ---p 00000000 00:00 0 
70099a600000-70099a700000 rw-p 00000000 00:00 0 
70099a700000-70099a701000 ---p 00000000 00:00 0 
70099a800000-70099a900000 rw-p 00000000 00:00 0 
70099a900000-70099a901000 ---p 00000000 00:00 0 
70099aa00000-70099ab00000 rw-p 00000000 00:00 0 
70099ab00000-70099ab01000 ---p 00000000 00:00 0 
70099ac00000-70099ad00000 rw-p 00000000 00:00 0 
70099ad00000-70099ad01000 ---p 00000000 00:00 0 
70099ae00000-70099af00000 rw-p 00000000 00:00 0 
70099af00000-70099af01000 ---p 00000000 00:00 0 
70099b000000-70099b100000 rw-p 00000000 00:00 0 
70099b100000-70099b101000 ---p 00000000 00:00 0 
70099b200000-70099b300000 rw-p 00000000 00:00 0 
70099b300000-70099b301000 ---p 00000000 00:00 0 
70099b400000-70099b500000 rw-p 00000000 00:00 0 
70099b500000-70099b501000 ---p 00000000 00:00 0 
70099b600000-70099b700000 rw-p 00000000 00:00 0 
70099b700000-70099b701000 ---p 00000000 00:00 0 
70099b800000-70099b900000 rw-p 00000000 00:00 0 
70099b900000-70099b901000 ---p 00000000 00:00 0 
70099ba00000-70099bb00000 rw-p 00000000 00:00 0 
70099bb00000-70099bb01000 ---p 00000000 00:00 0 
70099bc00000-70099bd00000 rw-p 00000000 00:00 0 
70099bd00000-70099bd01000 ---p 00000000 00:00 0 
70099be00000-70099bf00000 rw-p 00000000 00:00 0 
70099bf00000-70099bf01000 ---p 00000000 00:00 0 
70099c000000-70099c100000 rw-p 00000000 00:00 0 
70099c100000-70099c101000 ---p 00000000 00:00 0 
70099c200000-70099c300000 rw-p 00000000 00:00 0 
70099c300000-70099c301000 ---p 00000000 00:00 0 
70099c400000-70099c500000 rw-p 00000000 00:00 0 
70099c500000-70099c501000 ---p 00000000 00:00 0 
70099c600000-70099c700000 rw-p 00000000 00:00 0 
70099c700000-70099c701000 ---p 00000000 00:00 0 
70099c800000-70099c900000 rw-p 00000000 00:00 0 
70099c900000-70099c901000 ---p 00000000 00:00 0 
70099ca00000-70099cb00000 rw-p 00000000 00:00 0 
70099cb00000-70099cb01000 ---p 00000000 00:00 0 
70099cc00000-70099cd00000 rw-p 00000000 00:00 0 
70099cd00000-70099cd01000 ---p 00000000 00:00 0 
70099ce00000-70099cf00000 rw-p 00000000 00:00 0 
70099cf00000-70099cf01000 ---p 00000000 00:00 0 
70099d000000-70099d100000 rw-p 00000000 00:00 0 
70099d100000-70099d101000 ---p 00000000 00:00 0 
70099d200000-70099d300000 rw-p 00000000 00:00 0 
70099d300000-70099d301000 ---p 00000000 00:00 0 
70099d400000-70099d500000 rw-p 00000000 00:00 0 
70099d500000-70099d501000 ---p 00000000 00:00 0 
70099d600000-70099d700000 rw-p 00000000 00:00 0 
70099d700000-70099d701000 ---p 00000000 00:00 0 
70099d800000-70099d900000 rw-p 00000000 00:00 0 
70099d900000-70099d901000 ---p 00000000 00:00 0 
70099da00000-70099db00000 rw-p 00000000 00:00 0 
70099db00000-70099db01000 ---p 00000000 00:00 0 
70099dc00000-70099dd00000 rw-p 00000000 00:00 0 
70099dd00000-70099dd01000 ---p 00000000 00:00 0 
70099de00000-70099df00000 rw-p 00000000 00:00 0 
70099df00000-70099df01000 ---p 00000000 00:00 0 
70099e000000-70099e100000 rw-p 00000000 00:00 0 
70099e100000-70099e101000 ---p 00000000 00:00 0 
70099e200000-70099e300000 rw-p 00000000 00:00 0 
70099e300000-70099e301000 ---p 00000000 00:00 0 
70099e400000-70099e500000 rw-p 00000000 00:00 0 
70099e500000-70099e501000 ---p 00000000 00:00 0 
70099e600000-70099e700000 rw-p 00000000 00:00 0 
70099e700000-70099e701000 ---p 00000000 00:00 0 
70099e800000-70099e900000 rw-p 00000000 00:00 0 
70099e900000-70099e901000 ---p 00000000 00:00 0 
70099ea00000-70099eb00000 rw-p 00000000 00:00 0 
70099eb00000-70099eb01000 ---p 00000000 00:00 0 
70099ec00000-70099ed00000 rw-p 00000000 00:00 0 
70099ed00000-70099ed01000 ---p 00000000 00:00 0 
70099ee00000-70099ef00000 rw-p 00000000 00:00 0 
70099ef00000-70099ef01000 ---p 00000000 00:00 0 
70099f000000-70099f100000 rw-p 00000000 00:00 0 
70099f100000-70099f101000 ---p 00000000 00:00 0 
70099f200000-70099f300000 rw-p 00000000 00:00 0 
70099f300000-70099f301000 ---p 00000000 00:00 0 
70099f400000-70099f500000 rw-p 00000000 00:00 0 
70099f500000-70099f501000 ---p 00000000 00:00 0 
70099f600000-70099f700000 rw-p 00000000 00:00 0 
70099f700000-70099f701000 ---p 00000000 00:00 0 
70099f800000-70099f900000 rw-p 00000000 00:00 0 
70099f900000-70099f901000 ---p 00000000 00:00 0 
70099fa00000-70099fb00000 rw-p 00000000 00:00 0 
70099fb00000-70099fb01000 ---p 00000000 00:00 0 
70099fc00000-70099fd00000 rw-p 00000000 00:00 0 
70099fd00000-70099fd01000 ---p 00000000 00:00 0 
70099fe00000-70099ff00000 rw-p 00000000 00:00 0 
70099ff00000-70099ff01000 ---p 00000000 00:00 0 
7009a0000000-7009a0100000 rw-p 00000000 00:00 0 
7009a0100000-7009a0101000 ---p 00000000 00:00 0 
7009a0200000-7009a0300000 rw-p 00000000 00:00 0 
7009a0300000-7009a0301000 ---p 00000000 00:00 0 
7009a0400000-7009a0500000 rw-p 00000000 00:00 0 
7009a0500000-7009a0501000 ---p 00000000 00:00 0 
7009a0600000-7009a0700000 rw-p 00000000 00:00 0 
7009a0700000-7009a0701000 ---p 00000000 00:00 0 
7009a0800000-7009a0900000 rw-p 00000000 00:00 0 
7009a0900000-7009a0901000 ---p 00000000 00:00 0 
7009a0a00000-7009a0b00000 rw-p 00000000 00:00 0 
7009a0b00000-7009a0b01000 ---p 00000000 00:00 0 
7009a0c00000-7009a0d00000 rw-p 00000000 00:00 0 
7009a0d00000-7009a0d01000 ---p 00000000 00:00 0 
7009a0e00000-7009a0f00000 rw-p 00000000 00:00 0 
7009a0f00000-7009a0f01000 ---p 00000000 00:00 0 
7009a1000000-7009a1100000 rw-p 00000000 00:00 0 
7009a1100000-7009a1101000 ---p 00000000 00:00 0 
7009a1200000-7009a1300000 rw-p 00000000 00:00 0 
7009a1300000-7009a1301000 ---p 00000000 00:00 0 
7009a1400000-7009a1500000 rw-p 00000000 00:00 0 
7009a1500000-7009a1501000 ---p 00000000 00:00 0 
7009a1600000-7009a1700000 rw-p 00000000 00:00 0 
7009a1700000-7009a1701000 ---p 00000000 00:00 0 
7009a1800000-7009a1900000 rw-p 00000000 00:00 0 
7009a1900000-7009a1901000 ---p 00000000 00:00 0 
7009a1a00000-7009a1b00000 rw-p 00000000 00:00 0 
7009a1b00000-7009a1b01000 ---p 00000000 00:00 0 
7009a1c00000-7009a1d00000 rw-p 00000000 00:00 0 
7009a1d00000-7009a1d01000 ---p 00000000 00:00 0 
7009a1e00000-7009a1f00000 rw-p 00000000 00:00 0 
7009a1f00000-7009a1f01000 ---p 00000000 00:00 0 
7009a2000000-7009a2100000 rw-p 00000000 00:00 0 
7009a2100000-7009a2101000 ---p 00000000 00:00 0 
7009a2200000-7009a2300000 rw-p 00000000 00:00 0 
7009a2300000-7009a2301000 ---p 00000000 00:00 0 
7009a2400000-7009a2500000 rw-p 00000000 00:00 0 
7009a2500000-7009a2501000 ---p 00000000 00:00 0 
7009a2600000-7009a2700000 rw-p 00000000 00:00 0 
7009a2700000-7009a2701000 ---p 00000000 00:00 0 
7009a2800000-7009a2900000 rw-p 00000000 00:00 0 
7009a2900000-7009a2901000 ---p 00000000 00:00 0 
7009a2a00000-7009a2b00000 rw-p 00000000 00:00 0 
7009a2b00000-7009a2b01000 ---p 00000000 00:00 0 
7009a2c00000-7009a2d00000 rw-p 00000000 00:00 0 
7009a2d00000-7009a2d01000 ---p 00000000 00:00 0 
7009a2e00000-7009a2f00000 rw-p 00000000 00:00 0 
7009a2f00000-7009a2f01000 ---p 00000000 00:00 0 
7009a3000000-7009a3100000 rw-p 00000000 00:00 0 
7009a3100000-7009a3101000 ---p 00000000 00:00 0 
7009a3200000-7009a3300000 rw-p 00000000 00:00 0 
7009a3300000-7009a3301000 ---p 00000000 00:00 0 
7009a3400000-7009a3500000 rw-p 00000000 00:00 0 
7009a3500000-7009a3501000 ---p 00000000 00:00 0 
7009a3600000-7009a3700000 rw-p 00000000 00:00 0 
7009a3700000-7009a3701000 ---p 00000000 00:00 0 
7009a3800000-7009a3900000 rw-p 00000000 00:00 0 
7009a3900000-7009a3901000 ---p 00000000 00:00 0 
7009a3a00000-7009a3b00000 rw-p 00000000 00:00 0 
7009a3b00000-7009a3b01000 ---p 00000000 00:00 0 
7009a3c00000-7009a3d00000 rw-p 00000000 00:00 0 
7009a3d00000-7009a3d01000 ---p 00000000 00:00 0 
7009a3e00000-7009a3f00000 rw-p 00000000 00:00 0 
7009a3f00000-7009a3f01000 ---p 00000000 00:00 0 
7009a4000000-7009a6d4a000 rw-p 00000000 00:00 0 
7009a6d4a000-7009a8000000 ---p 00000000 00:00 0 
7009a8200000-7009a8300000 rw-p 00000000 00:00 0 
7009a8300000-7009a8301000 ---p 00000000 00:00 0 
7009a8400000-7009a8500000 rw-p 00000000 00:00 0 
7009a8500000-7009a8501000 ---p 00000000 00:00 0 
7009a8600000-7009a8700000 rw-p 00000000 00:00 0 
7009a8700000-7009a8701000 ---p 00000000 00:00 0 
7009a8800000-7009a8900000 rw-p 00000000 00:00 0 
7009a8900000-7009a8901000 ---p 00000000 00:00 0 
7009a8a00000-7009a8b00000 rw-p 00000000 00:00 0 
7009a8b00000-7009a8b01000 ---p 00000000 00:00 0 
7009a8c00000-7009a8d00000 rw-p 00000000 00:00 0 
7009a8d00000-7009a8d01000 ---p 00000000 00:00 0 
7009a8e00000-7009a8f00000 rw-p 00000000 00:00 0 
7009a8f00000-7009a8f01000 ---p 00000000 00:00 0 
7009a9000000-7009a9100000 rw-p 00000000 00:00 0 
7009a9100000-7009a9101000 ---p 00000000 00:00 0 
7009a9200000-7009a9300000 rw-p 00000000 00:00 0 
7009a9300000-7009a9301000 ---p 00000000 00:00 0 
7009a9400000-7009a9410000 rw-p 00000000 00:00 0 
7009a9410000-7009a9411000 ---p 00000000 00:00 0 
7009a9600000-7009a9610000 rw-p 00000000 00:00 0 
7009a9610000-7009a9611000 ---p 00000000 00:00 0 
7009a9800000-7009a9810000 rw-p 00000000 00:00 0 
7009a9810000-7009a9811000 ---p 00000000 00:00 0 
7009a9a00000-7009a9a10000 rw-p 00000000 00:00 0 
7009a9a10000-7009a9a11000 ---p 00000000 00:00 0 
7009a9c00000-7009a9c10000 rw-p 00000000 00:00 0 
7009a9c10000-7009a9c11000 ---p 00000000 00:00 0 
7009a9e00000-7009a9e10000 rw-p 00000000 00:00 0 
7009a9e10000-7009a9e11000 ---p 00000000 00:00 0 
7009aa000000-7009aa010000 rw-p 00000000 00:00 0 
7009aa010000-7009aa011000 ---p 00000000 00:00 0 
7009aa200000-7009aa210000 rw-p 00000000 00:00 0 
7009aa210000-7009aa211000 ---p 00000000 00:00 0 
7009aa400000-7009aa410000 rw-p 00000000 00:00 0 
7009aa410000-7009aa411000 ---p 00000000 00:00 0 
7009aa600000-7009aa610000 rw-p 00000000 00:00 0 
7009aa610000-7009aa611000 ---p 00000000 00:00 0 
7009aa800000-7009aa810000 rw-p 00000000 00:00 0 
7009aa810000-7009aa811000 ---p 00000000 00:00 0 
7009aaa00000-7009aaa10000 rw-p 00000000 00:00 0 
7009aaa10000-7009aaa11000 ---p 00000000 00:00 0 
7009aac00000-7009aac10000 rw-p 00000000 00:00 0 
7009aac10000-7009aac11000 ---p 00000000 00:00 0 
7009aae00000-7009aae10000 rw-p 00000000 00:00 0 
7009aae10000-7009aae11000 ---p 00000000 00:00 0 
7009ab000000-7009ab010000 rw-p 00000000 00:00 0 
7009ab010000-7009ab011000 ---p 00000000 00:00 0 
7009ab200000-7009ab201000 rw-p 00000000 00:00 0 
7009ab201000-7009ab202000 ---p 00000000 00:00 0 
7009ab400000-7009ab401000 rw-p 00000000 00:00 0 
7009ab401000-7009ab402000 ---p 00000000 00:00 0 
7009ab600000-7009ab601000 rw-p 00000000 00:00 0 
7009ab601000-7009ab602000 ---p 00000000 00:00 0 
7009ab800000-7009ab801000 rw-p 00000000 00:00 0 
7009ab801000-7009ab802000 ---p 00000000 00:00 0 
7009aba00000-7009aba01000 rw-p 00000000 00:00 0 
7009aba01000-7009aba02000 ---p 00000000 00:00 0 
7009abc00000-7009abc01000 rw-p 00000000 00:00 0 
7009abc01000-7009abc02000 ---p 00000000 00:00 0 
7009abe00000-7009abe01000 rw-p 00000000 00:00 0 
7009abe01000-7009abe02000 ---p 00000000 00:00 0 
7009ac000000-7009ac021000 rw-p 00000000 00:00 0 
7009ac021000-7009b0000000 ---p 00000000 00:00 0 
7009b0000000-7009b0021000 rw-p 00000000 00:00 0 
7009b0021000-7009b4000000 ---p 00000000 00:00 0 
7009b4000000-7009b4021000 rw-p 00000000 00:00 0 
7009b4021000-7009b8000000 ---p 00000000 00:00 0 
7009b8000000-7009b8021000 rw-p 00000000 00:00 0 
7009b8021000-7009bc000000 ---p 00000000 00:00 0 
7009bc000000-7009bc021000 rw-p 00000000 00:00 0 
7009bc021000-7009c0000000 ---p 00000000 00:00 0 
7009c0000000-7009c0021000 rw-p 00000000 00:00 0 
7009c0021000-7009c4000000 ---p 00000000 00:00 0 
7009c4000000-7009c4021000 rw-p 00000000 00:00 0 
7009c4021000-7009c8000000 ---p 00000000 00:00 0 
7009c8000000-7009c8021000 rw-p 00000000 00:00 0 
7009c8021000-7009cc000000 ---p 00000000 00:00 0 
7009cc000000-7009cc021000 rw-p 00000000 00:00 0 
7009cc021000-7009d0000000 ---p 00000000 00:00 0 
7009d0000000-7009d0021000 rw-p 00000000 00:00 0 
7009d0021000-7009d4000000 ---p 00000000 00:00 0 
7009d4000000-7009d6bf7000 rw-p 00000000 00:00 0 
7009d6bf7000-7009d8000000 ---p 00000000 00:00 0 
7009d8000000-700a17fff000 rwxp 00000000 00:00 0 
700a17fff000-700a18000000 ---p 00000000 00:00 0 
700a18000000-700a18021000 rw-p 00000000 00:00 0 
700a18021000-700a1c000000 ---p 00000000 00:00 0 
700a1c200000-700a1c201000 rw-p 00000000 00:00 0 
700a1c201000-700a1c202000 ---p 00000000 00:00 0 
700a1c400000-700a1c401000 rw-p 00000000 00:00 0 
700a1c401000-700a1c402000 ---p 00000000 00:00 0 
700a1c600000-700a1c601000 rw-p 00000000 00:00 0 
700a1c601000-700a1c602000 ---p 00000000 00:00 0 
700a1c800000-700a1c801000 rw-p 00000000 00:00 0 
700a1c801000-700a1c802000 ---p 00000000 00:00 0 
700a1ca00000-700a1ca01000 rw-p 00000000 00:00 0 
700a1ca01000-700a1ca02000 ---p 00000000 00:00 0 
700a1cc00000-700a1cc01000 rw-p 00000000 00:00 0 
700a1cc01000-700a1cc02000 ---p 00000000 00:00 0 
700a1ce00000-700a1ce01000 rw-p 00000000 00:00 0 
700a1ce01000-700a1ce02000 ---p 00000000 00:00 0 
700a1d000000-700a1d001000 rw-p 00000000 00:00 0 
700a1d001000-700a1d002000 ---p 00000000 00:00 0 
700a1d200000-700a1d243000 rw-p 00000000 00:00 0 
700a1d243000-700a1d244000 ---p 00000000 00:00 0 
700a1d400000-700a1d402000 rw-p 00000000 00:00 0 
700a1d402000-700a1d403000 ---p 00000000 00:00 0 
700a1d5a6000-700a1da01000 rw-p 00000000 00:00 0 
700a1da01000-700a1da02000 ---p 00000000 00:00 0 
700a1dc00000-700a1dc01000 rw-p 00000000 00:00 0 
700a1dc01000-700a1dc02000 ---p 00000000 00:00 0 
700a1de00000-700a1de1a000 rw-p 00000000 00:00 0 
700a1de1a000-700a1de1b000 ---p 00000000 00:00 0 
700a1e000000-700a1e003000 rw-p 00000000 00:00 0 
700a1e003000-700a1e004000 ---p 00000000 00:00 0 
700a1e200000-700a1e21e000 rw-p 00000000 00:00 0 
700a1e21e000-700a1e21f000 ---p 00000000 00:00 0 
700a1e400000-700a1e401000 rw-p 00000000 00:00 0 
700a1e401000-700a1e402000 ---p 00000000 00:00 0 
700a1e600000-700a1e640000 rw-p 00000000 00:00 0 
700a1e640000-700a1e641000 ---p 00000000 00:00 0 
700a1e800000-700a1e801000 rw-p 00000000 00:00 0 
700a1e801000-700a1e802000 ---p 00000000 00:00 0 
700a1ea00000-700a1ea40000 rw-p 00000000 00:00 0 
700a1ea40000-700a1ea41000 ---p 00000000 00:00 0 
700a1ec00000-700a1ec21000 rw-p 00000000 00:00 0 
700a1ec21000-700a1ec22000 ---p 00000000 00:00 0 
700a1ee00000-700a1f18b000 r-xp 00000000 103:02 21518323                  /home/nestor/.cache/JNA/temp/jna606183491278563725.tmp
700a1f18b000-700a1f38a000 ---p 0038b000 103:02 21518323                  /home/nestor/.cache/JNA/temp/jna606183491278563725.tmp
700a1f38a000-700a1f3ed000 r--p 0038a000 103:02 21518323                  /home/nestor/.cache/JNA/temp/jna606183491278563725.tmp
700a1f3ed000-700a1f3f1000 rw-p 003ed000 103:02 21518323                  /home/nestor/.cache/JNA/temp/jna606183491278563725.tmp
700a1f3f1000-700a1f3f9000 rw-p 00000000 00:00 0 
700a1f400000-700a1f401000 rw-p 00000000 00:00 0 
700a1f401000-700a1f402000 ---p 00000000 00:00 0 
700a1f600000-700a1f602000 rw-p 00000000 00:00 0 
700a1f602000-700a1f603000 ---p 00000000 00:00 0 
700a1f800000-700a1f81f000 rw-p 00000000 00:00 0 
700a1f81f000-700a1f820000 ---p 00000000 00:00 0 
700a1fa00000-700a1fa11000 rw-p 00000000 00:00 0 
700a1fa11000-700a1fa12000 ---p 00000000 00:00 0 
700a1fc00000-700a1fc73000 rw-p 00000000 00:00 0 
700a1fc73000-700a1fc74000 ---p 00000000 00:00 0 
700a1fe00000-700a1fe02000 rw-p 00000000 00:00 0 
700a1fe02000-700a1fe03000 ---p 00000000 00:00 0 
700a20000000-700a20021000 rw-p 00000000 00:00 0 
700a20021000-700a24000000 ---p 00000000 00:00 0 
700a24000000-700a24021000 rw-p 00000000 00:00 0 
700a24021000-700a28000000 ---p 00000000 00:00 0 
700a28000000-700a28546000 rw-p 00000000 00:00 0 
700a28546000-700a2c000000 ---p 00000000 00:00 0 
700a2c000000-700a2c021000 rw-p 00000000 00:00 0 
700a2c021000-700a30000000 ---p 00000000 00:00 0 
700a30000000-700a30021000 rw-p 00000000 00:00 0 
700a30021000-700a34000000 ---p 00000000 00:00 0 
700a34000000-700a359f6000 rw-p 00000000 00:00 0 
700a359f6000-700a38000000 ---p 00000000 00:00 0 
700a38000000-700a38021000 rw-p 00000000 00:00 0 
700a38021000-700a3c000000 ---p 00000000 00:00 0 
700a3c000000-700a3c021000 rw-p 00000000 00:00 0 
700a3c021000-700a40000000 ---p 00000000 00:00 0 
700a40000000-700a40021000 rw-p 00000000 00:00 0 
700a40021000-700a44000000 ---p 00000000 00:00 0 
700a44000000-700a44021000 rw-p 00000000 00:00 0 
700a44021000-700a48000000 ---p 00000000 00:00 0 
700a48000000-700a48021000 rw-p 00000000 00:00 0 
700a48021000-700a4c000000 ---p 00000000 00:00 0 
700a4c200000-700a4c202000 rw-p 00000000 00:00 0 
700a4c202000-700a4c203000 ---p 00000000 00:00 0 
700a4c400000-700a4c401000 rw-p 00000000 00:00 0 
700a4c401000-700a4c402000 ---p 00000000 00:00 0 
700a4c600000-700a4c606000 rw-p 00000000 00:00 0 
700a4c606000-700a4c607000 ---p 00000000 00:00 0 
700a4c800000-700a4c888000 rw-p 00000000 00:00 0 
700a4c888000-700a4c889000 ---p 00000000 00:00 0 
700a4c900000-700a4c904000 ---p 00000000 00:00 0 
700a4c904000-700a4ca00000 rw-p 00000000 00:00 0 
700a4ca00000-700a4ca02000 rw-p 00000000 00:00 0 
700a4ca02000-700a4ca03000 ---p 00000000 00:00 0 
700a4caff000-700a4cc00000 rw-p 00000000 00:00 0 
700a4cc00000-700a4cc08000 rw-p 00000000 00:00 0 
700a4cc08000-700a4cc09000 ---p 00000000 00:00 0 
700a4ccff000-700a4ce00000 rw-p 00000000 00:00 0 
700a4ceff000-700a4d000000 rw-p 00000000 00:00 0 
700a4d000000-700a4d018000 rw-p 00000000 00:00 0 
700a4d018000-700a4d019000 ---p 00000000 00:00 0 
700a4d0ff000-700a4d200000 rw-p 00000000 00:00 0 
700a4d2ff000-700a4d400000 rw-p 00000000 00:00 0 
700a4d400000-700a4d401000 rw-p 00000000 00:00 0 
700a4d401000-700a4d402000 ---p 00000000 00:00 0 
700a4d4ff000-700a4d600000 rw-p 00000000 00:00 0 
700a4d600000-700a4d601000 rw-p 00000000 00:00 0 
700a4d601000-700a4d602000 ---p 00000000 00:00 0 
700a4d6ff000-700a4d800000 rw-p 00000000 00:00 0 
700a4d800000-700a4d810000 rw-p 00000000 00:00 0 
700a4d810000-700a4d811000 ---p 00000000 00:00 0 
700a4d8ff000-700a4da00000 rw-p 00000000 00:00 0 
700a4da00000-700a4da1e000 r-xp 00000000 103:02 21518319                  /home/nestor/.cache/JNA/temp/jna18105261299045010402.tmp (deleted)
700a4da1e000-700a4dc1d000 ---p 0001e000 103:02 21518319                  /home/nestor/.cache/JNA/temp/jna18105261299045010402.tmp (deleted)
700a4dc1d000-700a4dc1e000 rw-p 0001d000 103:02 21518319                  /home/nestor/.cache/JNA/temp/jna18105261299045010402.tmp (deleted)
700a4dc1e000-700a4dc1f000 rw-p 00000000 00:00 0 
700a4dcff000-700a4de00000 rw-p 00000000 00:00 0 
700a4de00000-700a4e300000 rw-p 00000000 00:00 0 
700a4e300000-700a4e301000 ---p 00000000 00:00 0 
700a4e400000-700a4e410000 rw-p 00000000 00:00 0 
700a4e410000-700a4e411000 ---p 00000000 00:00 0 
700a4e500000-700a4e504000 ---p 00000000 00:00 0 
700a4e504000-700a4e600000 rw-p 00000000 00:00 0 
700a4e600000-700a4e906000 r-xp 00000000 00:26 2602                       /tmp/nativelib-loader_15109587532929533702/libunicorn.so
700a4e906000-700a4eb05000 ---p 00306000 00:26 2602                       /tmp/nativelib-loader_15109587532929533702/libunicorn.so
700a4eb05000-700a4eb4a000 r--p 00305000 00:26 2602                       /tmp/nativelib-loader_15109587532929533702/libunicorn.so
700a4eb4a000-700a4eb4e000 rw-p 0034a000 00:26 2602                       /tmp/nativelib-loader_15109587532929533702/libunicorn.so
700a4eb72000-700a4eb76000 ---p 00000000 00:00 0 
700a4eb76000-700a4eb94000 rw-p 00000000 00:00 0 
700a4eb94000-700a4ebff000 r--s 00000000 00:26 336                        /tmp/apkx/assets/ijm_lib/armeabi/libexec.so
700a4ebff000-700a4ec03000 ---p 00000000 00:00 0 
700a4ec03000-700a4ee00000 rw-p 00000000 00:00 0 
700a4ee00000-700a4ee04000 ---p 00000000 00:00 0 
700a4ee04000-700a4ef00000 rw-p 00000000 00:00 0 
700a4ef00000-700a4ef04000 ---p 00000000 00:00 0 
700a4ef04000-700a4f000000 rw-p 00000000 00:00 0 
700a4f000000-700a4f310000 rw-p 00000000 00:00 0 
700a4f310000-700a4f400000 ---p 00000000 00:00 0 
700a4f400000-700a4f740000 rw-p 00000000 00:00 0 
700a4f740000-700a53000000 ---p 00000000 00:00 0 
700a53000000-700a53bc7000 rw-p 00001000 103:02 23605002                  /usr/lib/jvm/java-17-openjdk-amd64/lib/server/classes.jsa
700a53bc7000-700a54000000 ---p 00000000 00:00 0 
700a54000000-700a54040000 rw-p 00000000 00:00 0 
700a54040000-700a540d0000 rw-p 00000000 00:00 0 
700a540d0000-700a54100000 ---p 00000000 00:00 0 
700a54100000-700a54120000 rw-p 00000000 00:00 0 
700a54120000-700a94000000 ---p 00000000 00:00 0 
700a94000000-700a94021000 rw-p 00000000 00:00 0 
700a94021000-700a98000000 ---p 00000000 00:00 0 
700a98000000-700a98021000 rw-p 00000000 00:00 0 
700a98021000-700a9c000000 ---p 00000000 00:00 0 
700a9c000000-700a9c021000 rw-p 00000000 00:00 0 
700a9c021000-700aa0000000 ---p 00000000 00:00 0 
700aa0000000-700aa0021000 rw-p 00000000 00:00 0 
700aa0021000-700aa4000000 ---p 00000000 00:00 0 
700aa4000000-700aa4021000 rw-p 00000000 00:00 0 
700aa4021000-700aa8004000 ---p 00000000 00:00 0 
700aa8004000-700aa8100000 rw-p 00000000 00:00 0 
700aa8100000-700aa8104000 ---p 00000000 00:00 0 
700aa8104000-700aa8200000 rw-p 00000000 00:00 0 
700aa8200000-700aa8204000 ---p 00000000 00:00 0 
700aa8204000-700aa8300000 rw-p 00000000 00:00 0 
700aa8300000-700aa8304000 ---p 00000000 00:00 0 
700aa8304000-700aa8400000 rw-p 00000000 00:00 0 
700aa8400000-700aa8977000 r--p 00000000 103:02 22545257                  /usr/lib/locale/locale-archive
700aa8977000-700aa89a8000 rw-p 00000000 00:00 0 
700aa8a29000-700aa8a2d000 ---p 00000000 00:00 0 
700aa8a2d000-700aa8b29000 rw-p 00000000 00:00 0 
700aa8b29000-700aa8b2d000 ---p 00000000 00:00 0 
700aa8b2d000-700aa8c29000 rw-p 00000000 00:00 0 
700aa8c29000-700aa8c2d000 ---p 00000000 00:00 0 
700aa8c2d000-700aa8e2a000 rw-p 00000000 00:00 0 
700aa8e2a000-700aa8e2f000 r--p 00000000 103:02 23604984                  /usr/lib/jvm/java-17-openjdk-amd64/lib/libjsvml.so
700aa8e2f000-700aa8e70000 r-xp 00005000 103:02 23604984                  /usr/lib/jvm/java-17-openjdk-amd64/lib/libjsvml.so
700aa8e70000-700aa8ef9000 r--p 00046000 103:02 23604984                  /usr/lib/jvm/java-17-openjdk-amd64/lib/libjsvml.so
700aa8ef9000-700aa8efa000 r--p 000ce000 103:02 23604984                  /usr/lib/jvm/java-17-openjdk-amd64/lib/libjsvml.so
700aa8efa000-700aa8efb000 rw-p 000cf000 103:02 23604984                  /usr/lib/jvm/java-17-openjdk-amd64/lib/libjsvml.so
700aa8efb000-700aa90fd000 rw-p 00000000 00:00 0 
700aa90fd000-700aabba8000 rw-p 00000000 00:00 0 
700aabba8000-700aae3f0000 ---p 00000000 00:00 0 
700aae3f0000-700aaeba8000 rw-p 00000000 00:00 0 
700aaeba8000-700ab13f0000 ---p 00000000 00:00 0 
700ab13f0000-700ab1400000 rw-p 00000000 00:00 0 
700ab1400000-700ab1690000 rwxp 00000000 00:00 0 
700ab1690000-700ab8937000 ---p 00000000 00:00 0 
700ab8937000-700ab8ba7000 rwxp 00000000 00:00 0 
700ab8ba7000-700ab8ec9000 ---p 00000000 00:00 0 
700ab8ec9000-700ab9139000 rwxp 00000000 00:00 0 
700ab9139000-700ac0400000 ---p 00000000 00:00 0 
700ac0400000-700ac7eea000 r--s 00000000 103:02 23604999                  /usr/lib/jvm/java-17-openjdk-amd64/lib/modules
700ac7eff000-700ac9c97000 rw-p 00000000 00:00 0 
700ac9c97000-700acc000000 ---p 00000000 00:00 0 
700acc01b000-700acc6fd000 rw-p 00000000 00:00 0 
700acc6fd000-700acca00000 rw-p 00000000 00:00 0 
700acca00000-700accaf5000 rw-p 00000000 00:00 0 
700accaf5000-700accffe000 ---p 00000000 00:00 0 
700accffe000-700acd0f5000 rw-p 00000000 00:00 0 
700acd0f5000-700acd5fe000 ---p 00000000 00:00 0 
700acd5fe000-700acd6f5000 rw-p 00000000 00:00 0 
700acd6f5000-700acdbfe000 ---p 00000000 00:00 0 
700acdbfe000-700acdc00000 rw-p 00000000 00:00 0 
700acdc13000-700acdc85000 rw-p 00000000 00:00 0 
700acdc8e000-700acdc92000 r--p 00000000 103:02 23604990                  /usr/lib/jvm/java-17-openjdk-amd64/lib/libnet.so
700acdc92000-700acdca0000 r-xp 00004000 103:02 23604990                  /usr/lib/jvm/java-17-openjdk-amd64/lib/libnet.so
700acdca0000-700acdca4000 r--p 00012000 103:02 23604990                  /usr/lib/jvm/java-17-openjdk-amd64/lib/libnet.so
700acdca4000-700acdca5000 r--p 00015000 103:02 23604990                  /usr/lib/jvm/java-17-openjdk-amd64/lib/libnet.so
700acdca5000-700acdca6000 rw-p 00016000 103:02 23604990                  /usr/lib/jvm/java-17-openjdk-amd64/lib/libnet.so
700acdca6000-700acdcad000 r--p 00000000 103:02 23604991                  /usr/lib/jvm/java-17-openjdk-amd64/lib/libnio.so
700acdcad000-700acdcb6000 r-xp 00007000 103:02 23604991                  /usr/lib/jvm/java-17-openjdk-amd64/lib/libnio.so
700acdcb6000-700acdcba000 r--p 00010000 103:02 23604991                  /usr/lib/jvm/java-17-openjdk-amd64/lib/libnio.so
700acdcba000-700acdcbb000 r--p 00014000 103:02 23604991                  /usr/lib/jvm/java-17-openjdk-amd64/lib/libnio.so
700acdcbb000-700acdcbc000 rw-p 00015000 103:02 23604991                  /usr/lib/jvm/java-17-openjdk-amd64/lib/libnio.so
700acdcbc000-700ace72f000 rw-p 00000000 00:00 0 
700ace72f000-700ace815000 ---p 00000000 00:00 0 
700ace815000-700ace81b000 rw-p 00000000 00:00 0 
700ace81b000-700ace900000 ---p 00000000 00:00 0 
700ace900000-700ace904000 ---p 00000000 00:00 0 
700ace904000-700acea00000 rw-p 00000000 00:00 0 
700acea00000-700aceaa3000 r--p 00000000 103:02 22575671                  /usr/lib/x86_64-linux-gnu/libstdc++.so.6.0.35
700aceaa3000-700acebfe000 r-xp 000a3000 103:02 22575671                  /usr/lib/x86_64-linux-gnu/libstdc++.so.6.0.35
700acebfe000-700acec8a000 r--p 001fe000 103:02 22575671                  /usr/lib/x86_64-linux-gnu/libstdc++.so.6.0.35
700acec8a000-700acec99000 r--p 0028a000 103:02 22575671                  /usr/lib/x86_64-linux-gnu/libstdc++.so.6.0.35
700acec99000-700acec9c000 rw-p 00299000 103:02 22575671                  /usr/lib/x86_64-linux-gnu/libstdc++.so.6.0.35
700acec9c000-700aceca0000 rw-p 00000000 00:00 0 
700aceca1000-700aceca8000 r--s 00000000 103:02 22547533                  /usr/lib/x86_64-linux-gnu/gconv/gconv-modules.cache
700aceca8000-700aceca9000 rw-p 00000000 00:00 0 
700aceca9000-700acecab000 r--p 00000000 103:02 23604988                  /usr/lib/jvm/java-17-openjdk-amd64/lib/libmanagement_ext.so
700acecab000-700acecae000 r-xp 00002000 103:02 23604988                  /usr/lib/jvm/java-17-openjdk-amd64/lib/libmanagement_ext.so
700acecae000-700acecb0000 r--p 00005000 103:02 23604988                  /usr/lib/jvm/java-17-openjdk-amd64/lib/libmanagement_ext.so
700acecb0000-700acecb1000 r--p 00006000 103:02 23604988                  /usr/lib/jvm/java-17-openjdk-amd64/lib/libmanagement_ext.so
700acecb1000-700acecb2000 rw-p 00007000 103:02 23604988                  /usr/lib/jvm/java-17-openjdk-amd64/lib/libmanagement_ext.so
700acecb2000-700acecbe000 r--p 00000000 103:02 23604977                  /usr/lib/jvm/java-17-openjdk-amd64/lib/libjava.so
700acecbe000-700acecd1000 r-xp 0000c000 103:02 23604977                  /usr/lib/jvm/java-17-openjdk-amd64/lib/libjava.so
700acecd1000-700acecd7000 r--p 0001f000 103:02 23604977                  /usr/lib/jvm/java-17-openjdk-amd64/lib/libjava.so
700acecd7000-700acecd8000 r--p 00024000 103:02 23604977                  /usr/lib/jvm/java-17-openjdk-amd64/lib/libjava.so
700acecd8000-700acecd9000 rw-p 00025000 103:02 23604977                  /usr/lib/jvm/java-17-openjdk-amd64/lib/libjava.so
700acecd9000-700acecda000 rw-p 00000000 00:00 0 
700acecda000-700acecec000 r--p 00000000 103:02 22547540                  /usr/lib/x86_64-linux-gnu/libm.so.6
700acecec000-700aced8c000 r-xp 00012000 103:02 22547540                  /usr/lib/x86_64-linux-gnu/libm.so.6
700aced8c000-700acedfe000 r--p 000b2000 103:02 22547540                  /usr/lib/x86_64-linux-gnu/libm.so.6
700acedfe000-700acedff000 r--p 00123000 103:02 22547540                  /usr/lib/x86_64-linux-gnu/libm.so.6
700acedff000-700acee00000 rw-p 00124000 103:02 22547540                  /usr/lib/x86_64-linux-gnu/libm.so.6
700acee00000-700acf055000 r--p 00000000 103:02 23605005                  /usr/lib/jvm/java-17-openjdk-amd64/lib/server/libjvm.so
700acf055000-700acfe28000 r-xp 00255000 103:02 23605005                  /usr/lib/jvm/java-17-openjdk-amd64/lib/server/libjvm.so
700acfe28000-700ad00a4000 r--p 01028000 103:02 23605005                  /usr/lib/jvm/java-17-openjdk-amd64/lib/server/libjvm.so
700ad00a4000-700ad015d000 r--p 012a4000 103:02 23605005                  /usr/lib/jvm/java-17-openjdk-amd64/lib/server/libjvm.so
700ad015d000-700ad0192000 rw-p 0135d000 103:02 23605005                  /usr/lib/jvm/java-17-openjdk-amd64/lib/server/libjvm.so
700ad0192000-700ad01ed000 rw-p 00000000 00:00 0 
700ad01ed000-700ad01ee000 r-xp 00000000 00:26 2603                       /tmp/Kgvg9p (deleted)
700ad01ee000-700ad01ef000 rw-p 00000000 00:00 0 
700ad01ef000-700ad01f1000 r--p 00000000 103:02 23604986                  /usr/lib/jvm/java-17-openjdk-amd64/lib/libmanagement.so
700ad01f1000-700ad01f2000 r-xp 00002000 103:02 23604986                  /usr/lib/jvm/java-17-openjdk-amd64/lib/libmanagement.so
700ad01f2000-700ad01f3000 r--p 00003000 103:02 23604986                  /usr/lib/jvm/java-17-openjdk-amd64/lib/libmanagement.so
700ad01f3000-700ad01f4000 r--p 00003000 103:02 23604986                  /usr/lib/jvm/java-17-openjdk-amd64/lib/libmanagement.so
700ad01f4000-700ad01f5000 rw-p 00004000 103:02 23604986                  /usr/lib/jvm/java-17-openjdk-amd64/lib/libmanagement.so
700ad01f5000-700ad01f7000 r--p 00000000 103:02 23604998                  /usr/lib/jvm/java-17-openjdk-amd64/lib/libzip.so
700ad01f7000-700ad01fc000 r-xp 00002000 103:02 23604998                  /usr/lib/jvm/java-17-openjdk-amd64/lib/libzip.so
700ad01fc000-700ad01fe000 r--p 00007000 103:02 23604998                  /usr/lib/jvm/java-17-openjdk-amd64/lib/libzip.so
700ad01fe000-700ad01ff000 r--p 00008000 103:02 23604998                  /usr/lib/jvm/java-17-openjdk-amd64/lib/libzip.so
700ad01ff000-700ad0200000 rw-p 00009000 103:02 23604998                  /usr/lib/jvm/java-17-openjdk-amd64/lib/libzip.so
700ad0200000-700ad0228000 r--p 00000000 103:02 22547537                  /usr/lib/x86_64-linux-gnu/libc.so.6
700ad0228000-700ad03c0000 r-xp 00028000 103:02 22547537                  /usr/lib/x86_64-linux-gnu/libc.so.6
700ad03c0000-700ad040e000 r--p 001c0000 103:02 22547537                  /usr/lib/x86_64-linux-gnu/libc.so.6
700ad040e000-700ad0412000 r--p 0020d000 103:02 22547537                  /usr/lib/x86_64-linux-gnu/libc.so.6
700ad0412000-700ad0414000 rw-p 00211000 103:02 22547537                  /usr/lib/x86_64-linux-gnu/libc.so.6
700ad0414000-700ad0422000 rw-p 00000000 00:00 0 
700ad0422000-700ad0423000 r--p 00000000 103:02 22547551                  /usr/lib/x86_64-linux-gnu/librt.so.1
700ad0423000-700ad0424000 r-xp 00001000 103:02 22547551                  /usr/lib/x86_64-linux-gnu/librt.so.1
700ad0424000-700ad0425000 r--p 00002000 103:02 22547551                  /usr/lib/x86_64-linux-gnu/librt.so.1
700ad0425000-700ad0426000 r--p 00002000 103:02 22547551                  /usr/lib/x86_64-linux-gnu/librt.so.1
700ad0426000-700ad0427000 rw-p 00003000 103:02 22547551                  /usr/lib/x86_64-linux-gnu/librt.so.1
700ad0427000-700ad042c000 rw-p 00000000 00:00 0 
700ad042c000-700ad0433000 ---p 00000000 00:00 0 
700ad0433000-700ad0437000 r--p 00000000 103:02 22575255                  /usr/lib/x86_64-linux-gnu/libgcc_s.so.1
700ad0437000-700ad045b000 r-xp 00004000 103:02 22575255                  /usr/lib/x86_64-linux-gnu/libgcc_s.so.1
700ad045b000-700ad045f000 r--p 00028000 103:02 22575255                  /usr/lib/x86_64-linux-gnu/libgcc_s.so.1
700ad045f000-700ad0460000 r--p 0002c000 103:02 22575255                  /usr/lib/x86_64-linux-gnu/libgcc_s.so.1
700ad0460000-700ad0461000 rw-p 0002d000 103:02 22575255                  /usr/lib/x86_64-linux-gnu/libgcc_s.so.1
700ad0461000-700ad0463000 rw-p 00000000 00:00 0 
700ad0463000-700ad0465000 r--p 00000000 103:02 23604981                  /usr/lib/jvm/java-17-openjdk-amd64/lib/libjli.so
700ad0465000-700ad046f000 r-xp 00002000 103:02 23604981                  /usr/lib/jvm/java-17-openjdk-amd64/lib/libjli.so
700ad046f000-700ad0472000 r--p 0000c000 103:02 23604981                  /usr/lib/jvm/java-17-openjdk-amd64/lib/libjli.so
700ad0472000-700ad0473000 r--p 0000f000 103:02 23604981                  /usr/lib/jvm/java-17-openjdk-amd64/lib/libjli.so
700ad0473000-700ad0474000 rw-p 00010000 103:02 23604981                  /usr/lib/jvm/java-17-openjdk-amd64/lib/libjli.so
700ad0474000-700ad0477000 r--p 00000000 103:02 22575806                  /usr/lib/x86_64-linux-gnu/libz.so.1.3.1
700ad0477000-700ad048a000 r-xp 00003000 103:02 22575806                  /usr/lib/x86_64-linux-gnu/libz.so.1.3.1
700ad048a000-700ad0490000 r--p 00016000 103:02 22575806                  /usr/lib/x86_64-linux-gnu/libz.so.1.3.1
700ad0490000-700ad0491000 r--p 0001c000 103:02 22575806                  /usr/lib/x86_64-linux-gnu/libz.so.1.3.1
700ad0491000-700ad0492000 rw-p 0001d000 103:02 22575806                  /usr/lib/x86_64-linux-gnu/libz.so.1.3.1
700ad0492000-700ad0493000 rw-p 00000000 00:00 0 
700ad0493000-700ad049b000 rw-s 00000000 00:26 2599                       /tmp/hsperfdata_nestor/65088
700ad049b000-700ad049c000 ---p 00000000 00:00 0 
700ad049c000-700ad049d000 r--p 00000000 00:00 0 
700ad049d000-700ad049e000 ---p 00000000 00:00 0 
700ad049e000-700ad04a0000 r--p 00000000 103:02 23604980                  /usr/lib/jvm/java-17-openjdk-amd64/lib/libjimage.so
700ad04a0000-700ad04a3000 r-xp 00002000 103:02 23604980                  /usr/lib/jvm/java-17-openjdk-amd64/lib/libjimage.so
700ad04a3000-700ad04a4000 r--p 00005000 103:02 23604980                  /usr/lib/jvm/java-17-openjdk-amd64/lib/libjimage.so
700ad04a4000-700ad04a5000 r--p 00006000 103:02 23604980                  /usr/lib/jvm/java-17-openjdk-amd64/lib/libjimage.so
700ad04a5000-700ad04a6000 rw-p 00007000 103:02 23604980                  /usr/lib/jvm/java-17-openjdk-amd64/lib/libjimage.so
700ad04a6000-700ad04a8000 rw-p 00000000 00:00 0 
700ad04a8000-700ad04ac000 r--p 00000000 00:00 0                          [vvar]
700ad04ac000-700ad04ae000 r--p 00000000 00:00 0                          [vvar_vclock]
700ad04ae000-700ad04b0000 r-xp 00000000 00:00 0                          [vdso]
700ad04b0000-700ad04b1000 r--p 00000000 103:02 22547534                  /usr/lib/x86_64-linux-gnu/ld-linux-x86-64.so.2
700ad04b1000-700ad04e0000 r-xp 00001000 103:02 22547534                  /usr/lib/x86_64-linux-gnu/ld-linux-x86-64.so.2
700ad04e0000-700ad04eb000 r--p 00030000 103:02 22547534                  /usr/lib/x86_64-linux-gnu/ld-linux-x86-64.so.2
700ad04eb000-700ad04ed000 r--p 0003b000 103:02 22547534                  /usr/lib/x86_64-linux-gnu/ld-linux-x86-64.so.2
700ad04ed000-700ad04ee000 rw-p 0003d000 103:02 22547534                  /usr/lib/x86_64-linux-gnu/ld-linux-x86-64.so.2
700ad04ee000-700ad04ef000 rw-p 00000000 00:00 0 
7fff5b11e000-7fff5b13f000 rw-p 00000000 00:00 0                          [stack]
ffffffffff600000-ffffffffff601000 --xp 00000000 00:00 0                  [vsyscall]


VM Arguments:
jvm_args: -Xmx3g -Djava.library.path=~/xtv-ghidra/nativelib 
java_command: com.xtv.Unpack
java_class_path (initial): target/classes:/home/nestor/.m2/repository/com/github/zhkl0228/unidbg-android/0.9.10-SNAPSHOT/unidbg-android-0.9.10-SNAPSHOT.jar:/home/nestor/.m2/repository/com/github/zhkl0228/unidbg-api/0.9.10-SNAPSHOT/unidbg-api-0.9.10-SNAPSHOT.jar:/home/nestor/.m2/repository/com/github/zhkl0228/unicorn/1.0.15/unicorn-1.0.15.jar:/home/nestor/.m2/repository/org/scijava/native-lib-loader/2.3.5/native-lib-loader-2.3.5.jar:/home/nestor/.m2/repository/com/github/zhkl0228/capstone/3.1.8/capstone-3.1.8.jar:/home/nestor/.m2/repository/net/java/dev/jna/jna/5.10.0/jna-5.10.0.jar:/home/nestor/.m2/repository/com/github/zhkl0228/keystone/0.9.7/keystone-0.9.7.jar:/home/nestor/.m2/repository/commons-codec/commons-codec/1.21.0/commons-codec-1.21.0.jar:/home/nestor/.m2/repository/org/apache/commons/commons-collections4/4.5.0/commons-collections4-4.5.0.jar:/home/nestor/.m2/repository/commons-io/commons-io/2.21.0/commons-io-2.21.0.jar:/home/nestor/.m2/repository/com/alibaba/fastjson/1.2.83/fastjson-1.2.83.jar:/home/nestor/.m2/repository/com/github/zhkl0228/demumble/1.0.4/demumble-1.0.4.jar:/home/nestor/.m2/repository/net/dongliu/apk-parser/2.6.10/apk-parser-2.6.10.jar:/home/nestor/.m2/repository/org/slf4j/slf4j-api/2.0.16/slf4j-api-2.0.16.jar:/home/nestor/.m2/repository/com/github/zhkl0228/unidbg-unicorn2/0.9.10-SNAPSHOT/unidbg-unicorn2-0.9.10-SNAPSHOT.jar:/home/nestor/.m2/repository/org/slf4j/slf4j-simple/2.0.16/slf4j-simple-2.0.16.jar
Launcher Type: SUN_STANDARD

[Global flags]
     intx CICompilerCount                          = 4                                         {product} {ergonomic}
     uint ConcGCThreads                            = 3                                         {product} {ergonomic}
     uint G1ConcRefinementThreads                  = 10                                        {product} {ergonomic}
   size_t G1HeapRegionSize                         = 2097152                                   {product} {ergonomic}
    uintx GCDrainStackTargetSize                   = 64                                        {product} {ergonomic}
   size_t InitialHeapSize                          = 513802240                                 {product} {ergonomic}
   size_t MarkStackSize                            = 4194304                                   {product} {ergonomic}
   size_t MaxHeapSize                              = 3221225472                                {product} {command line}
   size_t MaxNewSize                               = 1931476992                                {product} {ergonomic}
   size_t MinHeapDeltaBytes                        = 2097152                                   {product} {ergonomic}
   size_t MinHeapSize                              = 8388608                                   {product} {ergonomic}
    uintx NonNMethodCodeHeapSize                   = 5839372                                {pd product} {ergonomic}
    uintx NonProfiledCodeHeapSize                  = 122909434                              {pd product} {ergonomic}
    uintx ProfiledCodeHeapSize                     = 122909434                              {pd product} {ergonomic}
    uintx ReservedCodeCacheSize                    = 251658240                              {pd product} {ergonomic}
     bool SegmentedCodeCache                       = true                                      {product} {ergonomic}
   size_t SoftMaxHeapSize                          = 3221225472                             {manageable} {ergonomic}
     bool UseCompressedClassPointers               = true                           {product lp64_product} {ergonomic}
     bool UseCompressedOops                        = true                           {product lp64_product} {ergonomic}
     bool UseG1GC                                  = true                                      {product} {ergonomic}

Logging:
Log output configuration:
 #0: stdout all=warning uptime,level,tags
 #1: stderr all=off uptime,level,tags

Environment Variables:
PATH=/home/nestor/xtv-ghidra/maven/bin:/usr/local/sbin:/usr/local/bin:/usr/sbin:/usr/bin:/sbin:/bin:/usr/games:/usr/local/games:/snap/bin
SHELL=/bin/bash
LANG=en_US.UTF-8

Active Locale:
LC_ALL=en_US.UTF-8
LC_COLLATE=en_US.UTF-8
LC_CTYPE=en_US.UTF-8
LC_MESSAGES=en_US.UTF-8
LC_MONETARY=en_US.UTF-8
LC_NUMERIC=en_US.UTF-8
LC_TIME=en_US.UTF-8

Signal Handlers:
   SIGSEGV: crash_handler in libjvm.so, mask=11100100010111111101111111111110, flags=SA_RESTART|SA_SIGINFO, unblocked
    SIGBUS: crash_handler in libjvm.so, mask=11100100010111111101111111111110, flags=SA_RESTART|SA_SIGINFO, unblocked
    SIGFPE: crash_handler in libjvm.so, mask=11100100010111111101111111111110, flags=SA_RESTART|SA_SIGINFO, unblocked
   SIGPIPE: javaSignalHandler in libjvm.so, mask=11100100010111111101111111111110, flags=SA_RESTART|SA_SIGINFO, blocked
   SIGXFSZ: javaSignalHandler in libjvm.so, mask=11100100010111111101111111111110, flags=SA_RESTART|SA_SIGINFO, blocked
    SIGILL: crash_handler in libjvm.so, mask=11100100010111111101111111111110, flags=SA_RESTART|SA_SIGINFO, unblocked
   SIGUSR2: SR_handler in libjvm.so, mask=00000000000000000000000000000000, flags=SA_RESTART|SA_SIGINFO, blocked
    SIGHUP: UserHandler in libjvm.so, mask=11100100010111111101111111111110, flags=SA_RESTART|SA_SIGINFO, blocked
    SIGINT: UserHandler in libjvm.so, mask=11100100010111111101111111111110, flags=SA_RESTART|SA_SIGINFO, blocked
   SIGTERM: UserHandler in libjvm.so, mask=11100100010111111101111111111110, flags=SA_RESTART|SA_SIGINFO, blocked
   SIGQUIT: UserHandler in libjvm.so, mask=11100100010111111101111111111110, flags=SA_RESTART|SA_SIGINFO, blocked
   SIGTRAP: crash_handler in libjvm.so, mask=11100100010111111101111111111110, flags=SA_RESTART|SA_SIGINFO, unblocked


Periodic native trim disabled


---------------  S Y S T E M  ---------------

OS:
DISTRIB_ID=Ubuntu
DISTRIB_RELEASE=26.04
DISTRIB_CODENAME=resolute
DISTRIB_DESCRIPTION="Ubuntu 26.04 LTS"
uname: Linux 7.0.0-28-generic #28-Ubuntu SMP PREEMPT_DYNAMIC Sun Jun 21 01:01:36 UTC 2026 x86_64
OS uptime: 1 days 0:54 hours
libc: glibc 2.43 NPTL 2.43 
rlimit (soft/hard): STACK 8192k/infinity , CORE 0k/infinity , NPROC 125108/125108 , NOFILE 524288/524288 , AS infinity/infinity , CPU infinity/infinity , DATA infinity/infinity , FSIZE infinity/infinity , MEMLOCK 8192k/8192k
load average: 0.92 0.69 0.52

/proc/meminfo:
MemTotal:       32073304 kB
MemFree:        25573676 kB
MemAvailable:   28824876 kB
Buffers:          524772 kB
Cached:          3042960 kB
SwapCached:            0 kB
Active:          3001564 kB
Inactive:        2290932 kB
Active(anon):    1919548 kB
Inactive(anon):        0 kB
Active(file):    1082016 kB
Inactive(file):  2290932 kB
Unevictable:      151592 kB
Mlocked:              80 kB
SwapTotal:       8388604 kB
SwapFree:        8388604 kB
Zswap:                 0 kB
Zswapped:              0 kB
Dirty:                56 kB
Writeback:             0 kB
AnonPages:       1876452 kB
Mapped:           488688 kB
Shmem:            195040 kB
KReclaimable:     344200 kB
Slab:             581304 kB
SReclaimable:     344200 kB
SUnreclaim:       237104 kB
KernelStack:       12176 kB
PageTables:        27784 kB
SecPageTables:      3840 kB
NFS_Unstable:          0 kB
Bounce:                0 kB
WritebackTmp:          0 kB
CommitLimit:    24425256 kB
Committed_AS:    7557884 kB
VmallocTotal:   34359738367 kB
VmallocUsed:      212328 kB
VmallocChunk:          0 kB
Percpu:            19968 kB
HardwareCorrupted:     0 kB
AnonHugePages:   1046528 kB
ShmemHugePages:   141312 kB
ShmemPmdMapped:        0 kB
FileHugePages:     53248 kB
FilePmdMapped:         0 kB
CmaTotal:              0 kB
CmaFree:               0 kB
Unaccepted:            0 kB
Balloon:               0 kB
HugePages_Total:       0
HugePages_Free:        0
HugePages_Rsvd:        0
HugePages_Surp:        0
Hugepagesize:       2048 kB
Hugetlb:               0 kB
DirectMap4k:      437756 kB
DirectMap2M:     6639616 kB
DirectMap1G:    26214400 kB

/sys/kernel/mm/transparent_hugepage/enabled: always [madvise] never
/sys/kernel/mm/transparent_hugepage/hpage_pmd_size: 2097152
/sys/kernel/mm/transparent_hugepage/defrag (defrag/compaction efforts parameter): always defer defer+madvise [madvise] never

Process Memory:
Virtual Size: 8262200K (peak: 8270388K)
Resident Set Size: 1223788K (peak: 1223788K) (anon: 1194404K, file: 27128K, shmem: 2256K)
Swapped out: 0K
C-Heap outstanding allocations: 68706K, retained: 36789K
glibc malloc tunables: (default)

/proc/sys/kernel/threads-max (system-wide limit on the number of threads): 250217
/proc/sys/vm/max_map_count (maximum number of memory map areas a process may have): 1048576
/proc/sys/vm/swappiness (control to define how aggressively the kernel swaps out anonymous memory): 60
/proc/sys/kernel/pid_max (system-wide limit on number of process identifiers): 4194304

container information not found.
Steal ticks since vm start: 0
Steal ticks percentage since vm start:  0.000

CPU: total 12 (initial active 12) (6 cores per cpu, 2 threads per core) family 6 model 158 stepping 10 microcode 0xfa, cx8, cmov, fxsr, ht, mmx, 3dnowpref, sse, sse2, sse3, ssse3, sse4.1, sse4.2, popcnt, lzcnt, tsc, tscinvbit, avx, avx2, aes, erms, clmul, bmi1, bmi2, adx, fma, vzeroupper, clflush, clflushopt
CPU Model and flags from /proc/cpuinfo:
model name	: Intel(R) Core(TM) i7-9750H CPU @ 2.60GHz
flags		: fpu vme de pse tsc msr pae mce cx8 apic sep mtrr pge mca cmov pat pse36 clflush dts acpi mmx fxsr sse sse2 ss ht tm pbe syscall nx pdpe1gb rdtscp lm constant_tsc art arch_perfmon pebs bts rep_good nopl xtopology nonstop_tsc cpuid aperfmperf pni pclmulqdq dtes64 monitor ds_cpl vmx est tm2 ssse3 sdbg fma cx16 xtpr pdcm pcid sse4_1 sse4_2 x2apic movbe popcnt tsc_deadline_timer aes xsave avx f16c rdrand lahf_lm abm 3dnowprefetch cpuid_fault epb pti ssbd ibrs ibpb stibp tpr_shadow flexpriority ept vpid ept_ad fsgsbase tsc_adjust sgx bmi1 avx2 smep bmi2 erms invpcid mpx rdseed adx smap clflushopt intel_pt xsaveopt xsavec xgetbv1 xsaves dtherm ida arat pln pts hwp hwp_notify hwp_act_window hwp_epp vnmi sgx_lc md_clear flush_l1d arch_capabilities

Online cpus: 0-11
Offline cpus: 
BIOS frequency limitation: <Not Available>
Frequency switch latency (ns): 0
Available cpu frequencies: <Not Available>
Current governor: powersave
Core performance/turbo boost: <Not Available>

Memory: 4k page, physical 32073304k(25573676k free), swap 8388604k(8388604k free)
Page Sizes: 4k

vm_info: OpenJDK 64-Bit Server VM (17.0.19+10-1-26.04.2-Ubuntu) for linux-amd64 JRE (17.0.19+10-1-26.04.2-Ubuntu), built on Apr 26 2026 13:04:16 by "buildd" with gcc 15.2.0

END.
