#
# A fatal error has been detected by the Java Runtime Environment:
#
#  SIGSEGV (0xb) at pc=0x00007520b612bd70, pid=63242, tid=63243
#
# JRE version: OpenJDK Runtime Environment (17.0.19+10) (build 17.0.19+10-1-26.04.2-Ubuntu)
# Java VM: OpenJDK 64-Bit Server VM (17.0.19+10-1-26.04.2-Ubuntu, mixed mode, sharing, tiered, compressed oops, compressed class ptrs, g1 gc, linux-amd64)
# Problematic frame:
# C  [libunicorn.so+0x12bd70]  page_collection_lock_arm+0xb0
#
# Core dump will be written. Default location: Core dumps may be processed with "/usr/share/apport/apport -p%p -s%s -c%c -d%d -P%P -u%u -g%g -F%F -- %E" (or dumping to /home/nestor/xtv-ghidra/harness/core.63242)
#
# If you would like to submit a bug report, please visit:
#   https://bugs.launchpad.net/ubuntu/+source/openjdk-17
# The crash happened outside the Java Virtual Machine in native code.
# See problematic frame for where to report the bug.
#

---------------  S U M M A R Y ------------

Command Line: -Xmx3g -Djava.library.path=~/xtv-ghidra/nativelib com.xtv.Unpack

Host: Intel(R) Core(TM) i7-9750H CPU @ 2.60GHz, 12 cores, 30G, Ubuntu 26.04 LTS
Time: Thu Jul 30 02:10:47 2026 -03 elapsed time: 63.951339 seconds (0d 0h 1m 3s)

---------------  T H R E A D  ---------------

Current thread (0x0000752130018460):  JavaThread "main" [_thread_in_native, id=63243, stack(0x0000752136700000,0x0000752136800000)]

Stack: [0x0000752136700000,0x0000752136800000],  sp=0x00007521367fcf20,  free space=1011k
Native frames: (J=compiled Java code, j=interpreted, Vv=VM code, C=native code)
C  [libunicorn.so+0x12bd70]  page_collection_lock_arm+0xb0

Java frames: (J=compiled Java code, j=interpreted, Vv=VM code)
j  com.github.unidbg.arm.backend.unicorn.Unicorn.emu_start(JJJJJ)V+0
j  com.github.unidbg.arm.backend.unicorn.Unicorn.emu_start(JJJJ)V+10
j  com.github.unidbg.arm.backend.Unicorn2Backend.emu_start(JJJJ)V+10
v  ~StubRoutines::call_stub
j  jdk.internal.reflect.NativeMethodAccessorImpl.invoke0(Ljava/lang/reflect/Method;Ljava/lang/Object;[Ljava/lang/Object;)Ljava/lang/Object;+0 java.base@17.0.19
j  jdk.internal.reflect.NativeMethodAccessorImpl.invoke(Ljava/lang/Object;[Ljava/lang/Object;)Ljava/lang/Object;+133 java.base@17.0.19
j  jdk.internal.reflect.DelegatingMethodAccessorImpl.invoke(Ljava/lang/Object;[Ljava/lang/Object;)Ljava/lang/Object;+6 java.base@17.0.19
j  java.lang.reflect.Method.invoke(Ljava/lang/Object;[Ljava/lang/Object;)Ljava/lang/Object;+59 java.base@17.0.19
j  com.xtv.Unpack$42.invoke(Ljava/lang/Object;Ljava/lang/reflect/Method;[Ljava/lang/Object;)Ljava/lang/Object;+126
j  jdk.proxy2.$Proxy2.emu_start(JJJJ)V+42 jdk.proxy2
j  com.github.unidbg.AbstractEmulator.emulate(JJ)Ljava/lang/Number;+131
j  com.github.unidbg.thread.Function32.run(Lcom/github/unidbg/AbstractEmulator;)Ljava/lang/Number;+89
j  com.github.unidbg.thread.MainTask.dispatch(Lcom/github/unidbg/AbstractEmulator;)Ljava/lang/Number;+19
j  com.github.unidbg.thread.UniThreadDispatcher.run(JLjava/util/concurrent/TimeUnit;)Ljava/lang/Number;+337
j  com.github.unidbg.thread.UniThreadDispatcher.runMainForResult(Lcom/github/unidbg/thread/MainTask;)Ljava/lang/Number;+25
j  com.github.unidbg.AbstractEmulator.runMainForResult(Lcom/github/unidbg/thread/MainTask;)Ljava/lang/Number;+25
j  com.github.unidbg.arm.AbstractARMEmulator.eFunc(J[Ljava/lang/Number;)Ljava/lang/Number;+21
j  com.github.unidbg.Module.emulateFunction(Lcom/github/unidbg/Emulator;J[Ljava/lang/Object;)Ljava/lang/Number;+242
j  com.github.unidbg.linux.android.dvm.DvmObject.callJniMethod(Lcom/github/unidbg/Emulator;Lcom/github/unidbg/linux/android/dvm/VM;Lcom/github/unidbg/linux/android/dvm/DvmClass;Lcom/github/unidbg/linux/android/dvm/DvmObject;Ljava/lang/String;[Ljava/lang/Object;)Ljava/lang/Number;+302
j  com.github.unidbg.linux.android.dvm.DvmClass.callStaticJniMethodInt(Lcom/github/unidbg/Emulator;Ljava/lang/String;[Ljava/lang/Object;)I+9
j  com.github.unidbg.linux.android.dvm.DvmClass.callStaticJniMethodBoolean(Lcom/github/unidbg/Emulator;Ljava/lang/String;[Ljava/lang/Object;)Z+4
j  com.xtv.Unpack.<init>()V+7993
j  com.xtv.Unpack.main([Ljava/lang/String;)V+4
v  ~StubRoutines::call_stub

siginfo: si_signo: 11 (SIGSEGV), si_code: 128 (SI_KERNEL), si_addr: 0x0000000000000000

Registers:
RAX=0x0000000000000000, RBX=0x0000000000000000, RCX=0x0e0000040e000004, RDX=0x00007521304254e0
RSP=0x00007521367fcf20, RBP=0x00007521303e8bb0, RSI=0x0000000000000400, RDI=0x00007521303e8bb0
R8 =0x0000000000000000, R9 =0x0000752130000038, R10=0x0000000000000030, R11=0x0000752130000030
R12=0x00007521307324b0, R13=0x000000000000a37b, R14=0x000000000000a37b, R15=0x0e0000040e000004
RIP=0x00007520b612bd70, EFLAGS=0x0000000000010202, CSGSFS=0x002b000000000033, ERR=0x0000000000000000
  TRAPNO=0x000000000000000d

XMM[0]=0x0000752130645a50 0x0000000000000009
XMM[1]=0x0000752130645a50 0x0000000000000009
XMM[2]=0x0000000000000000 0x00007521367fcd89
XMM[3]=0x0000000000000000 0x4084000000000000
XMM[4]=0x0000000000000000 0x3ff0000000000000
XMM[5]=0x0000000000000000 0x0000752130000038
XMM[6]=0x0000000000000000 0x0000752130000038
XMM[7]=0x0000000000000000 0x3d35722030303030
XMM[8]=0x0000000000000000 0x00b72a0500000001
XMM[9]=0x0000000000000000 0x0000000000000001
XMM[10]=0x0000000000000000 0x0000000000000000
XMM[11]=0x0000000000000000 0x9999999999999999
XMM[12]=0x0000000000000000 0x2020202020202020
XMM[13]=0x0000000000000000 0x12835b01d807aa98
XMM[14]=0x0000000000000000 0x59f111f13956c25b
XMM[15]=0x0000000000000000 0x0000000000000000
  MXCSR=0x00001fa0


Register to memory mapping:

RAX=0x0 is NULL
RBX=0x0 is NULL
RCX=0x0e0000040e000004 is an unknown value
RDX=0x00007521304254e0 points into unknown readable memory: 0x0000752130670da0 | a0 0d 67 30 21 75 00 00
RSP=0x00007521367fcf20 is pointing into the stack for thread: 0x0000752130018460
RBP=0x00007521303e8bb0 points into unknown readable memory: 0x0000000000000001 | 01 00 00 00 00 00 00 00
RSI=0x0000000000000400 is an unknown value
RDI=0x00007521303e8bb0 points into unknown readable memory: 0x0000000000000001 | 01 00 00 00 00 00 00 00
R8 =0x0 is NULL
R9 =0x0000752130000038 points into unknown readable memory: 0x0000752131ea94d0 | d0 94 ea 31 21 75 00 00
R10=0x0000000000000030 is an unknown value
R11=0x0000752130000030 points into unknown readable memory: 0x0000000200000000 | 00 00 00 00 02 00 00 00
R12=0x00007521307324b0 points into unknown readable memory: 0x0000752130795200 | 00 52 79 30 21 75 00 00
R13=0x000000000000a37b is an unknown value
R14=0x000000000000a37b is an unknown value
R15=0x0e0000040e000004 is an unknown value


Top of Stack: (sp=0x00007521367fcf20)
0x00007521367fcf20:   0000000000000000 000000000000a37b
0x00007521367fcf30:   0000000000000004 00000000028dee00
0x00007521367fcf40:   0000000000000004 00007521304354f0
0x00007521367fcf50:   0000000000000000 0000000000000100
0x00007521367fcf60:   0000000001fffe00 00007520b60ac5e0
0x00007521367fcf70:   00000000064f1fff 00007520557c5d76
0x00007521367fcf80:   00007521306d8450 0000000001fffe00
0x00007521367fcf90:   00007521306d8450 000075213043ebe0
0x00007521367fcfa0:   0000000000000000 00007520b6131cda
0x00007521367fcfb0:   00007520557c5d76 0000000002000000
0x00007521367fcfc0:   0000000000000000 ff00000002000000
0x00007521367fcfd0:   00000000000000ff 0000000000000000
0x00007521367fcfe0:   00007520557c5d76 000075213043ebe0
0x00007521367fcff0:   0000002000000000 0000000000000000
0x00007521367fd000:   0000000000000000 0000000002000000
0x00007521367fd010:   000075213043ebe0 0000000001fffe00
0x00007521367fd020:   0000000000000000 000000001208d670
0x00007521367fd030:   00007521304354f0 00007520557c5d76
0x00007521367fd040:   000075213040df00 00007520b613f179
0x00007521367fd050:   000075213040dec8 000075213040d4b0
0x00007521367fd060:   000075213040de20 00007520b613f179
0x00007521367fd070:   000075213040d988 00007520b62567c1
0x00007521367fd080:   000075213040df00 00007520b60be1bc
0x00007521367fd090:   0000000000048000 0000000012000078
0x00007521367fd0a0:   0000000012000078 00007520b6167a4e
0x00007521367fd0b0:   000075213040d4b0 000075213040d4b0
0x00007521367fd0c0:   00007520b6113080 00007520b613f179
0x00007521367fd0d0:   0000000000000000 00007520b613f1e9
0x00007521367fd0e0:   0000000012000078 000075213040d4b0
0x00007521367fd0f0:   00007521367fd2d0 000075213040de20
0x00007521367fd100:   000075213040de58 000075213040de90
0x00007521367fd110:   0000000012000078 00007520b62151c5 

Instructions: (pc=0x00007520b612bd70)
0x00007520b612bc70:   48 89 c2 49 8d 48 06 48 8b 04 ca 41 89 c0 41 83
0x00007520b612bc80:   e0 01 48 83 e0 fe 74 19 48 39 c6 75 e3 48 8d 3c
0x00007520b612bc90:   ca 49 83 c0 06 4a 8b 04 c0 48 89 07 48 83 c4 08
0x00007520b612bca0:   c3 48 8d 3d a0 1a 15 00 31 d2 be 04 05 00 00 e8
0x00007520b612bcb0:   fc bf f7 ff 66 90 66 2e 0f 1f 84 00 00 00 00 00
0x00007520b612bcc0:   41 57 41 56 49 89 d6 41 55 41 54 55 48 89 fd bf
0x00007520b612bcd0:   10 00 00 00 53 48 83 ec 18 48 89 74 24 08 e8 1d
0x00007520b612bce0:   ab f7 ff 49 89 c4 48 8b 85 68 02 00 00 8b 48 04
0x00007520b612bcf0:   48 d3 6c 24 08 49 d3 ee 4c 39 74 24 08 0f 87 d1
0x00007520b612bd00:   00 00 00 48 8d 0d 86 fc ff ff 48 8d 3d af fa ff
0x00007520b612bd10:   ff 31 d2 31 f6 e8 06 aa f7 ff 49 c7 44 24 08 00
0x00007520b612bd20:   00 00 00 49 89 04 24 66 0f 1f 84 00 00 00 00 00
0x00007520b612bd30:   4c 8b 6c 24 08 31 d2 4c 89 ee 48 89 ef e8 ce fc
0x00007520b612bd40:   ff ff 48 85 c0 48 89 c3 74 6b 48 8b 85 68 02 00
0x00007520b612bd50:   00 4c 89 ea 4c 89 e6 48 89 ef 8b 48 04 48 d3 e2
0x00007520b612bd60:   e8 ab fd ff ff 84 c0 75 c7 48 8b 0b eb 39 66 90
0x00007520b612bd70:   48 8b 51 40 4c 89 e6 48 89 ef e8 91 fd ff ff 84
0x00007520b612bd80:   c0 75 ad 49 8b 57 48 48 83 fa ff 74 0f 4c 89 e6
0x00007520b612bd90:   48 89 ef e8 78 fd ff ff 84 c0 75 94 48 63 db 48
0x00007520b612bda0:   83 c3 06 49 8b 0c df 89 cb 83 e3 01 48 83 e1 fe
0x00007520b612bdb0:   49 89 cf 75 bb 49 83 c5 01 4d 39 ee 0f 83 73 ff
0x00007520b612bdc0:   ff ff 48 83 c4 18 4c 89 e0 5b 5d 41 5c 41 5d 41
0x00007520b612bdd0:   5e 41 5f c3 48 8d 15 2b 1a 15 00 48 8d 3d 66 19
0x00007520b612bde0:   15 00 be 93 02 00 00 e8 c4 be f7 ff 0f 1f 40 00
0x00007520b612bdf0:   53 48 89 fb 48 8b 3f e8 b4 bc f7 ff 48 89 df 5b
0x00007520b612be00:   e9 fb ab f7 ff 90 66 2e 0f 1f 84 00 00 00 00 00
0x00007520b612be10:   48 8b 87 c0 02 00 00 48 8b b8 a8 00 00 00 48 85
0x00007520b612be20:   ff 74 18 48 83 ec 08 48 8b b0 b0 00 00 00 e8 ad
0x00007520b612be30:   df f7 ff 85 c0 75 09 48 83 c4 08 f3 c3 0f 1f 00
0x00007520b612be40:   48 8d 3d cc 19 15 00 48 83 c4 08 e9 d0 e8 f7 ff
0x00007520b612be50:   41 55 41 54 55 53 48 89 fb 48 83 ec 08 48 85 ff
0x00007520b612be60:   74 66 48 8b 87 a0 02 00 00 48 85 c0 74 5a 44 8b 


Stack slot to memory mapping:
stack at sp + 0 slots: 0x0 is NULL
stack at sp + 1 slots: 0x000000000000a37b is an unknown value
stack at sp + 2 slots: 0x0000000000000004 is an unknown value
stack at sp + 3 slots: 0x00000000028dee00 is an unknown value
stack at sp + 4 slots: 0x0000000000000004 is an unknown value
stack at sp + 5 slots: 0x00007521304354f0 points into unknown readable memory: 0x0000000100000001 | 01 00 00 00 01 00 00 00
stack at sp + 6 slots: 0x0 is NULL
stack at sp + 7 slots: 0x0000000000000100 is an unknown value


---------------  P R O C E S S  ---------------

Threads class SMR info:
_java_thread_list=0x0000752004001760, length=11, elements={
0x0000752130018460, 0x00007521301fbd30, 0x00007521301fd120, 0x00007521302026c0,
0x0000752130203a80, 0x0000752130204ea0, 0x0000752130206860, 0x0000752130207da0,
0x0000752130211210, 0x0000752130218da0, 0x000075213021c530
}

Java Threads: ( => current thread )
=>0x0000752130018460 JavaThread "main" [_thread_in_native, id=63243, stack(0x0000752136700000,0x0000752136800000)]
  0x00007521301fbd30 JavaThread "Reference Handler" daemon [_thread_blocked, id=63250, stack(0x0000752110749000,0x0000752110849000)]
  0x00007521301fd120 JavaThread "Finalizer" daemon [_thread_blocked, id=63251, stack(0x0000752110649000,0x0000752110749000)]
  0x00007521302026c0 JavaThread "Signal Dispatcher" daemon [_thread_blocked, id=63252, stack(0x0000752110549000,0x0000752110649000)]
  0x0000752130203a80 JavaThread "Service Thread" daemon [_thread_blocked, id=63253, stack(0x0000752110449000,0x0000752110549000)]
  0x0000752130204ea0 JavaThread "Monitor Deflation Thread" daemon [_thread_blocked, id=63254, stack(0x0000752110349000,0x0000752110449000)]
  0x0000752130206860 JavaThread "C2 CompilerThread0" daemon [_thread_blocked, id=63255, stack(0x0000752110249000,0x0000752110349000)]
  0x0000752130207da0 JavaThread "C1 CompilerThread0" daemon [_thread_blocked, id=63256, stack(0x0000752110149000,0x0000752110249000)]
  0x0000752130211210 JavaThread "Sweeper thread" daemon [_thread_blocked, id=63257, stack(0x0000752110049000,0x0000752110149000)]
  0x0000752130218da0 JavaThread "Notification Thread" daemon [_thread_blocked, id=63258, stack(0x00007520b6900000,0x00007520b6a00000)]
  0x000075213021c530 JavaThread "Common-Cleaner" daemon [_thread_blocked, id=63260, stack(0x00007520b66ff000,0x00007520b67ff000)]

Other Threads:
  0x00007521301f7ea0 VMThread "VM Thread" [stack: 0x000075211084a000,0x000075211094a000] [id=63249]
  0x000075213021a6f0 WatcherThread [stack: 0x00007520b6800000,0x00007520b6900000] [id=63259]
  0x0000752130073060 GCTaskThread "GC Thread#0" [stack: 0x000075213449c000,0x000075213459c000] [id=63244]
  0x00007520b00062c0 GCTaskThread "GC Thread#1" [stack: 0x00007520b5700000,0x00007520b5800000] [id=63263]
  0x00007520b0006cb0 GCTaskThread "GC Thread#2" [stack: 0x00007520b5300000,0x00007520b5400000] [id=63264]
  0x00007520b0007ad0 GCTaskThread "GC Thread#3" [stack: 0x00007520b5100000,0x00007520b5200000] [id=63265]
  0x00007520b00088f0 GCTaskThread "GC Thread#4" [stack: 0x00007520b4f00000,0x00007520b5000000] [id=63266]
  0x00007520b0009320 GCTaskThread "GC Thread#5" [stack: 0x00007520b4d00000,0x00007520b4e00000] [id=63267]
  0x00007520b0009d70 GCTaskThread "GC Thread#6" [stack: 0x00007520b4b00000,0x00007520b4c00000] [id=63268]
  0x00007520b000abd0 GCTaskThread "GC Thread#7" [stack: 0x00007520b4900000,0x00007520b4a00000] [id=63269]
  0x00007520b000ba30 GCTaskThread "GC Thread#8" [stack: 0x00007520b4700000,0x00007520b4800000] [id=63270]
  0x00007520b000c890 GCTaskThread "GC Thread#9" [stack: 0x00007520b4500000,0x00007520b4600000] [id=63271]
  0x0000752130080690 ConcurrentGCThread "G1 Main Marker" [stack: 0x000075213439b000,0x000075213449b000] [id=63245]
  0x0000752130081610 ConcurrentGCThread "G1 Conc#0" [stack: 0x000075213429a000,0x000075213439a000] [id=63246]
  0x00007521301ca6b0 ConcurrentGCThread "G1 Refine#0" [stack: 0x0000752110bf9000,0x0000752110cf9000] [id=63247]
  0x00007520fc000e10 ConcurrentGCThread "G1 Refine#1" [stack: 0x00007520b4300000,0x00007520b4400000] [id=63272]
  0x000075200c000e10 ConcurrentGCThread "G1 Refine#2" [stack: 0x00007520b4100000,0x00007520b4200000] [id=63273]
  0x00007521301cb5c0 ConcurrentGCThread "G1 Service" [stack: 0x0000752110af8000,0x0000752110bf8000] [id=63248]

Threads with active compile tasks:

VM state: not at safepoint (normal execution)

VM Mutex/Monitor currently owned by a thread: None

Heap address: 0x0000000740000000, size: 3072 MB, Compressed Oops mode: Zero based, Oop shift amount: 3

CDS archive(s) mapped at: [0x00007520bb000000-0x00007520bbbc7000-0x00007520bbbc7000), size 12349440, SharedBaseAddress: 0x00007520bb000000, ArchiveRelocationMode: 1.
Compressed class space mapped at: 0x00007520bc000000-0x00007520fc000000, reserved size: 1073741824
Narrow klass base: 0x00007520bb000000, Narrow klass shift: 0, Narrow klass range: 0x100000000

GC Precious Log:
 CPUs: 12 total, 12 available
 Memory: 31321M
 Large Page Support: Disabled
 NUMA Support: Disabled
 Compressed Oops: Enabled (Zero based)
 Heap Region Size: 2M
 Heap Min Capacity: 8M
 Heap Initial Capacity: 490M
 Heap Max Capacity: 3G
 Pre-touch: Disabled
 Parallel Workers: 10
 Concurrent Workers: 3
 Concurrent Refinement Workers: 10
 Periodic GC: Disabled

Heap:
 garbage-first heap   total 505856K, used 24397K [0x0000000740000000, 0x0000000800000000)
  region size 2048K, 8 young (16384K), 2 survivors (4096K)
 Metaspace       used 7151K, committed 7424K, reserved 1114112K
  class space    used 871K, committed 960K, reserved 1048576K

Heap Regions: E=young(eden), S=young(survivor), O=old, HS=humongous(starts), HC=humongous(continues), CS=collection set, F=free, OA=open archive, CA=closed archive, TAMS=top-at-mark-start (previous, next)
|   0|0x0000000740000000, 0x00000007401e6600, 0x0000000740200000| 94%| O|  |TAMS 0x0000000740000000, 0x0000000740000000| Untracked 
|   1|0x0000000740200000, 0x0000000740400000, 0x0000000740400000|100%|HS|  |TAMS 0x0000000740200000, 0x0000000740200000| Complete 
|   2|0x0000000740400000, 0x0000000740600000, 0x0000000740600000|100%|HC|  |TAMS 0x0000000740400000, 0x0000000740400000| Complete 
|   3|0x0000000740600000, 0x0000000740800000, 0x0000000740800000|100%|HC|  |TAMS 0x0000000740600000, 0x0000000740600000| Complete 
|   4|0x0000000740800000, 0x0000000740800000, 0x0000000740a00000|  0%| F|  |TAMS 0x0000000740800000, 0x0000000740800000| Untracked 
|   5|0x0000000740a00000, 0x0000000740a00000, 0x0000000740c00000|  0%| F|  |TAMS 0x0000000740a00000, 0x0000000740a00000| Untracked 
|   6|0x0000000740c00000, 0x0000000740c00000, 0x0000000740e00000|  0%| F|  |TAMS 0x0000000740c00000, 0x0000000740c00000| Untracked 
|   7|0x0000000740e00000, 0x0000000740e00000, 0x0000000741000000|  0%| F|  |TAMS 0x0000000740e00000, 0x0000000740e00000| Untracked 
|   8|0x0000000741000000, 0x0000000741000000, 0x0000000741200000|  0%| F|  |TAMS 0x0000000741000000, 0x0000000741000000| Untracked 
|   9|0x0000000741200000, 0x0000000741200000, 0x0000000741400000|  0%| F|  |TAMS 0x0000000741200000, 0x0000000741200000| Untracked 
|  10|0x0000000741400000, 0x0000000741400000, 0x0000000741600000|  0%| F|  |TAMS 0x0000000741400000, 0x0000000741400000| Untracked 
|  11|0x0000000741600000, 0x0000000741600000, 0x0000000741800000|  0%| F|  |TAMS 0x0000000741600000, 0x0000000741600000| Untracked 
|  12|0x0000000741800000, 0x0000000741800000, 0x0000000741a00000|  0%| F|  |TAMS 0x0000000741800000, 0x0000000741800000| Untracked 
|  13|0x0000000741a00000, 0x0000000741a00000, 0x0000000741c00000|  0%| F|  |TAMS 0x0000000741a00000, 0x0000000741a00000| Untracked 
|  14|0x0000000741c00000, 0x0000000741c00000, 0x0000000741e00000|  0%| F|  |TAMS 0x0000000741c00000, 0x0000000741c00000| Untracked 
|  15|0x0000000741e00000, 0x0000000741e00000, 0x0000000742000000|  0%| F|  |TAMS 0x0000000741e00000, 0x0000000741e00000| Untracked 
|  16|0x0000000742000000, 0x0000000742000000, 0x0000000742200000|  0%| F|  |TAMS 0x0000000742000000, 0x0000000742000000| Untracked 
|  17|0x0000000742200000, 0x0000000742200000, 0x0000000742400000|  0%| F|  |TAMS 0x0000000742200000, 0x0000000742200000| Untracked 
|  18|0x0000000742400000, 0x0000000742400000, 0x0000000742600000|  0%| F|  |TAMS 0x0000000742400000, 0x0000000742400000| Untracked 
|  19|0x0000000742600000, 0x0000000742600000, 0x0000000742800000|  0%| F|  |TAMS 0x0000000742600000, 0x0000000742600000| Untracked 
|  20|0x0000000742800000, 0x0000000742800000, 0x0000000742a00000|  0%| F|  |TAMS 0x0000000742800000, 0x0000000742800000| Untracked 
|  21|0x0000000742a00000, 0x0000000742a00000, 0x0000000742c00000|  0%| F|  |TAMS 0x0000000742a00000, 0x0000000742a00000| Untracked 
|  22|0x0000000742c00000, 0x0000000742c00000, 0x0000000742e00000|  0%| F|  |TAMS 0x0000000742c00000, 0x0000000742c00000| Untracked 
|  23|0x0000000742e00000, 0x0000000742e00000, 0x0000000743000000|  0%| F|  |TAMS 0x0000000742e00000, 0x0000000742e00000| Untracked 
|  24|0x0000000743000000, 0x0000000743000000, 0x0000000743200000|  0%| F|  |TAMS 0x0000000743000000, 0x0000000743000000| Untracked 
|  25|0x0000000743200000, 0x0000000743200000, 0x0000000743400000|  0%| F|  |TAMS 0x0000000743200000, 0x0000000743200000| Untracked 
|  26|0x0000000743400000, 0x0000000743400000, 0x0000000743600000|  0%| F|  |TAMS 0x0000000743400000, 0x0000000743400000| Untracked 
|  27|0x0000000743600000, 0x0000000743600000, 0x0000000743800000|  0%| F|  |TAMS 0x0000000743600000, 0x0000000743600000| Untracked 
|  28|0x0000000743800000, 0x0000000743800000, 0x0000000743a00000|  0%| F|  |TAMS 0x0000000743800000, 0x0000000743800000| Untracked 
|  29|0x0000000743a00000, 0x0000000743a00000, 0x0000000743c00000|  0%| F|  |TAMS 0x0000000743a00000, 0x0000000743a00000| Untracked 
|  30|0x0000000743c00000, 0x0000000743c00000, 0x0000000743e00000|  0%| F|  |TAMS 0x0000000743c00000, 0x0000000743c00000| Untracked 
|  31|0x0000000743e00000, 0x0000000743e00000, 0x0000000744000000|  0%| F|  |TAMS 0x0000000743e00000, 0x0000000743e00000| Untracked 
|  32|0x0000000744000000, 0x0000000744000000, 0x0000000744200000|  0%| F|  |TAMS 0x0000000744000000, 0x0000000744000000| Untracked 
|  33|0x0000000744200000, 0x0000000744200000, 0x0000000744400000|  0%| F|  |TAMS 0x0000000744200000, 0x0000000744200000| Untracked 
|  34|0x0000000744400000, 0x0000000744400000, 0x0000000744600000|  0%| F|  |TAMS 0x0000000744400000, 0x0000000744400000| Untracked 
|  35|0x0000000744600000, 0x0000000744600000, 0x0000000744800000|  0%| F|  |TAMS 0x0000000744600000, 0x0000000744600000| Untracked 
|  36|0x0000000744800000, 0x0000000744800000, 0x0000000744a00000|  0%| F|  |TAMS 0x0000000744800000, 0x0000000744800000| Untracked 
|  37|0x0000000744a00000, 0x0000000744a00000, 0x0000000744c00000|  0%| F|  |TAMS 0x0000000744a00000, 0x0000000744a00000| Untracked 
|  38|0x0000000744c00000, 0x0000000744c00000, 0x0000000744e00000|  0%| F|  |TAMS 0x0000000744c00000, 0x0000000744c00000| Untracked 
|  39|0x0000000744e00000, 0x0000000744e00000, 0x0000000745000000|  0%| F|  |TAMS 0x0000000744e00000, 0x0000000744e00000| Untracked 
|  40|0x0000000745000000, 0x0000000745000000, 0x0000000745200000|  0%| F|  |TAMS 0x0000000745000000, 0x0000000745000000| Untracked 
|  41|0x0000000745200000, 0x0000000745200000, 0x0000000745400000|  0%| F|  |TAMS 0x0000000745200000, 0x0000000745200000| Untracked 
|  42|0x0000000745400000, 0x0000000745400000, 0x0000000745600000|  0%| F|  |TAMS 0x0000000745400000, 0x0000000745400000| Untracked 
|  43|0x0000000745600000, 0x0000000745600000, 0x0000000745800000|  0%| F|  |TAMS 0x0000000745600000, 0x0000000745600000| Untracked 
|  44|0x0000000745800000, 0x0000000745800000, 0x0000000745a00000|  0%| F|  |TAMS 0x0000000745800000, 0x0000000745800000| Untracked 
|  45|0x0000000745a00000, 0x0000000745a00000, 0x0000000745c00000|  0%| F|  |TAMS 0x0000000745a00000, 0x0000000745a00000| Untracked 
|  46|0x0000000745c00000, 0x0000000745c00000, 0x0000000745e00000|  0%| F|  |TAMS 0x0000000745c00000, 0x0000000745c00000| Untracked 
|  47|0x0000000745e00000, 0x0000000745e00000, 0x0000000746000000|  0%| F|  |TAMS 0x0000000745e00000, 0x0000000745e00000| Untracked 
|  48|0x0000000746000000, 0x0000000746000000, 0x0000000746200000|  0%| F|  |TAMS 0x0000000746000000, 0x0000000746000000| Untracked 
|  49|0x0000000746200000, 0x0000000746200000, 0x0000000746400000|  0%| F|  |TAMS 0x0000000746200000, 0x0000000746200000| Untracked 
|  50|0x0000000746400000, 0x0000000746400000, 0x0000000746600000|  0%| F|  |TAMS 0x0000000746400000, 0x0000000746400000| Untracked 
|  51|0x0000000746600000, 0x0000000746600000, 0x0000000746800000|  0%| F|  |TAMS 0x0000000746600000, 0x0000000746600000| Untracked 
|  52|0x0000000746800000, 0x0000000746800000, 0x0000000746a00000|  0%| F|  |TAMS 0x0000000746800000, 0x0000000746800000| Untracked 
|  53|0x0000000746a00000, 0x0000000746a00000, 0x0000000746c00000|  0%| F|  |TAMS 0x0000000746a00000, 0x0000000746a00000| Untracked 
|  54|0x0000000746c00000, 0x0000000746c00000, 0x0000000746e00000|  0%| F|  |TAMS 0x0000000746c00000, 0x0000000746c00000| Untracked 
|  55|0x0000000746e00000, 0x0000000746e00000, 0x0000000747000000|  0%| F|  |TAMS 0x0000000746e00000, 0x0000000746e00000| Untracked 
|  56|0x0000000747000000, 0x0000000747000000, 0x0000000747200000|  0%| F|  |TAMS 0x0000000747000000, 0x0000000747000000| Untracked 
|  57|0x0000000747200000, 0x0000000747200000, 0x0000000747400000|  0%| F|  |TAMS 0x0000000747200000, 0x0000000747200000| Untracked 
|  58|0x0000000747400000, 0x0000000747400000, 0x0000000747600000|  0%| F|  |TAMS 0x0000000747400000, 0x0000000747400000| Untracked 
|  59|0x0000000747600000, 0x0000000747600000, 0x0000000747800000|  0%| F|  |TAMS 0x0000000747600000, 0x0000000747600000| Untracked 
|  60|0x0000000747800000, 0x0000000747800000, 0x0000000747a00000|  0%| F|  |TAMS 0x0000000747800000, 0x0000000747800000| Untracked 
|  61|0x0000000747a00000, 0x0000000747a00000, 0x0000000747c00000|  0%| F|  |TAMS 0x0000000747a00000, 0x0000000747a00000| Untracked 
|  62|0x0000000747c00000, 0x0000000747c00000, 0x0000000747e00000|  0%| F|  |TAMS 0x0000000747c00000, 0x0000000747c00000| Untracked 
|  63|0x0000000747e00000, 0x0000000747e00000, 0x0000000748000000|  0%| F|  |TAMS 0x0000000747e00000, 0x0000000747e00000| Untracked 
|  64|0x0000000748000000, 0x0000000748000000, 0x0000000748200000|  0%| F|  |TAMS 0x0000000748000000, 0x0000000748000000| Untracked 
|  65|0x0000000748200000, 0x0000000748200000, 0x0000000748400000|  0%| F|  |TAMS 0x0000000748200000, 0x0000000748200000| Untracked 
|  66|0x0000000748400000, 0x0000000748400000, 0x0000000748600000|  0%| F|  |TAMS 0x0000000748400000, 0x0000000748400000| Untracked 
|  67|0x0000000748600000, 0x0000000748600000, 0x0000000748800000|  0%| F|  |TAMS 0x0000000748600000, 0x0000000748600000| Untracked 
|  68|0x0000000748800000, 0x0000000748800000, 0x0000000748a00000|  0%| F|  |TAMS 0x0000000748800000, 0x0000000748800000| Untracked 
|  69|0x0000000748a00000, 0x0000000748a00000, 0x0000000748c00000|  0%| F|  |TAMS 0x0000000748a00000, 0x0000000748a00000| Untracked 
|  70|0x0000000748c00000, 0x0000000748c00000, 0x0000000748e00000|  0%| F|  |TAMS 0x0000000748c00000, 0x0000000748c00000| Untracked 
|  71|0x0000000748e00000, 0x0000000748e00000, 0x0000000749000000|  0%| F|  |TAMS 0x0000000748e00000, 0x0000000748e00000| Untracked 
|  72|0x0000000749000000, 0x0000000749000000, 0x0000000749200000|  0%| F|  |TAMS 0x0000000749000000, 0x0000000749000000| Untracked 
|  73|0x0000000749200000, 0x0000000749200000, 0x0000000749400000|  0%| F|  |TAMS 0x0000000749200000, 0x0000000749200000| Untracked 
|  74|0x0000000749400000, 0x0000000749400000, 0x0000000749600000|  0%| F|  |TAMS 0x0000000749400000, 0x0000000749400000| Untracked 
|  75|0x0000000749600000, 0x0000000749600000, 0x0000000749800000|  0%| F|  |TAMS 0x0000000749600000, 0x0000000749600000| Untracked 
|  76|0x0000000749800000, 0x0000000749800000, 0x0000000749a00000|  0%| F|  |TAMS 0x0000000749800000, 0x0000000749800000| Untracked 
|  77|0x0000000749a00000, 0x0000000749a00000, 0x0000000749c00000|  0%| F|  |TAMS 0x0000000749a00000, 0x0000000749a00000| Untracked 
|  78|0x0000000749c00000, 0x0000000749c00000, 0x0000000749e00000|  0%| F|  |TAMS 0x0000000749c00000, 0x0000000749c00000| Untracked 
|  79|0x0000000749e00000, 0x0000000749e00000, 0x000000074a000000|  0%| F|  |TAMS 0x0000000749e00000, 0x0000000749e00000| Untracked 
|  80|0x000000074a000000, 0x000000074a000000, 0x000000074a200000|  0%| F|  |TAMS 0x000000074a000000, 0x000000074a000000| Untracked 
|  81|0x000000074a200000, 0x000000074a200000, 0x000000074a400000|  0%| F|  |TAMS 0x000000074a200000, 0x000000074a200000| Untracked 
|  82|0x000000074a400000, 0x000000074a400000, 0x000000074a600000|  0%| F|  |TAMS 0x000000074a400000, 0x000000074a400000| Untracked 
|  83|0x000000074a600000, 0x000000074a600000, 0x000000074a800000|  0%| F|  |TAMS 0x000000074a600000, 0x000000074a600000| Untracked 
|  84|0x000000074a800000, 0x000000074a800000, 0x000000074aa00000|  0%| F|  |TAMS 0x000000074a800000, 0x000000074a800000| Untracked 
|  85|0x000000074aa00000, 0x000000074aa00000, 0x000000074ac00000|  0%| F|  |TAMS 0x000000074aa00000, 0x000000074aa00000| Untracked 
|  86|0x000000074ac00000, 0x000000074ac00000, 0x000000074ae00000|  0%| F|  |TAMS 0x000000074ac00000, 0x000000074ac00000| Untracked 
|  87|0x000000074ae00000, 0x000000074ae00000, 0x000000074b000000|  0%| F|  |TAMS 0x000000074ae00000, 0x000000074ae00000| Untracked 
|  88|0x000000074b000000, 0x000000074b000000, 0x000000074b200000|  0%| F|  |TAMS 0x000000074b000000, 0x000000074b000000| Untracked 
|  89|0x000000074b200000, 0x000000074b200000, 0x000000074b400000|  0%| F|  |TAMS 0x000000074b200000, 0x000000074b200000| Untracked 
|  90|0x000000074b400000, 0x000000074b400000, 0x000000074b600000|  0%| F|  |TAMS 0x000000074b400000, 0x000000074b400000| Untracked 
|  91|0x000000074b600000, 0x000000074b600000, 0x000000074b800000|  0%| F|  |TAMS 0x000000074b600000, 0x000000074b600000| Untracked 
|  92|0x000000074b800000, 0x000000074b800000, 0x000000074ba00000|  0%| F|  |TAMS 0x000000074b800000, 0x000000074b800000| Untracked 
|  93|0x000000074ba00000, 0x000000074ba00000, 0x000000074bc00000|  0%| F|  |TAMS 0x000000074ba00000, 0x000000074ba00000| Untracked 
|  94|0x000000074bc00000, 0x000000074bc00000, 0x000000074be00000|  0%| F|  |TAMS 0x000000074bc00000, 0x000000074bc00000| Untracked 
|  95|0x000000074be00000, 0x000000074be00000, 0x000000074c000000|  0%| F|  |TAMS 0x000000074be00000, 0x000000074be00000| Untracked 
|  96|0x000000074c000000, 0x000000074c000000, 0x000000074c200000|  0%| F|  |TAMS 0x000000074c000000, 0x000000074c000000| Untracked 
|  97|0x000000074c200000, 0x000000074c200000, 0x000000074c400000|  0%| F|  |TAMS 0x000000074c200000, 0x000000074c200000| Untracked 
|  98|0x000000074c400000, 0x000000074c400000, 0x000000074c600000|  0%| F|  |TAMS 0x000000074c400000, 0x000000074c400000| Untracked 
|  99|0x000000074c600000, 0x000000074c600000, 0x000000074c800000|  0%| F|  |TAMS 0x000000074c600000, 0x000000074c600000| Untracked 
| 100|0x000000074c800000, 0x000000074c800000, 0x000000074ca00000|  0%| F|  |TAMS 0x000000074c800000, 0x000000074c800000| Untracked 
| 101|0x000000074ca00000, 0x000000074ca00000, 0x000000074cc00000|  0%| F|  |TAMS 0x000000074ca00000, 0x000000074ca00000| Untracked 
| 102|0x000000074cc00000, 0x000000074cc00000, 0x000000074ce00000|  0%| F|  |TAMS 0x000000074cc00000, 0x000000074cc00000| Untracked 
| 103|0x000000074ce00000, 0x000000074ce00000, 0x000000074d000000|  0%| F|  |TAMS 0x000000074ce00000, 0x000000074ce00000| Untracked 
| 104|0x000000074d000000, 0x000000074d000000, 0x000000074d200000|  0%| F|  |TAMS 0x000000074d000000, 0x000000074d000000| Untracked 
| 105|0x000000074d200000, 0x000000074d200000, 0x000000074d400000|  0%| F|  |TAMS 0x000000074d200000, 0x000000074d200000| Untracked 
| 106|0x000000074d400000, 0x000000074d400000, 0x000000074d600000|  0%| F|  |TAMS 0x000000074d400000, 0x000000074d400000| Untracked 
| 107|0x000000074d600000, 0x000000074d600000, 0x000000074d800000|  0%| F|  |TAMS 0x000000074d600000, 0x000000074d600000| Untracked 
| 108|0x000000074d800000, 0x000000074d800000, 0x000000074da00000|  0%| F|  |TAMS 0x000000074d800000, 0x000000074d800000| Untracked 
| 109|0x000000074da00000, 0x000000074da00000, 0x000000074dc00000|  0%| F|  |TAMS 0x000000074da00000, 0x000000074da00000| Untracked 
| 110|0x000000074dc00000, 0x000000074dc00000, 0x000000074de00000|  0%| F|  |TAMS 0x000000074dc00000, 0x000000074dc00000| Untracked 
| 111|0x000000074de00000, 0x000000074de00000, 0x000000074e000000|  0%| F|  |TAMS 0x000000074de00000, 0x000000074de00000| Untracked 
| 112|0x000000074e000000, 0x000000074e000000, 0x000000074e200000|  0%| F|  |TAMS 0x000000074e000000, 0x000000074e000000| Untracked 
| 113|0x000000074e200000, 0x000000074e200000, 0x000000074e400000|  0%| F|  |TAMS 0x000000074e200000, 0x000000074e200000| Untracked 
| 114|0x000000074e400000, 0x000000074e400000, 0x000000074e600000|  0%| F|  |TAMS 0x000000074e400000, 0x000000074e400000| Untracked 
| 115|0x000000074e600000, 0x000000074e600000, 0x000000074e800000|  0%| F|  |TAMS 0x000000074e600000, 0x000000074e600000| Untracked 
| 116|0x000000074e800000, 0x000000074e800000, 0x000000074ea00000|  0%| F|  |TAMS 0x000000074e800000, 0x000000074e800000| Untracked 
| 117|0x000000074ea00000, 0x000000074ea00000, 0x000000074ec00000|  0%| F|  |TAMS 0x000000074ea00000, 0x000000074ea00000| Untracked 
| 118|0x000000074ec00000, 0x000000074ec00000, 0x000000074ee00000|  0%| F|  |TAMS 0x000000074ec00000, 0x000000074ec00000| Untracked 
| 119|0x000000074ee00000, 0x000000074ee00000, 0x000000074f000000|  0%| F|  |TAMS 0x000000074ee00000, 0x000000074ee00000| Untracked 
| 120|0x000000074f000000, 0x000000074f000000, 0x000000074f200000|  0%| F|  |TAMS 0x000000074f000000, 0x000000074f000000| Untracked 
| 121|0x000000074f200000, 0x000000074f200000, 0x000000074f400000|  0%| F|  |TAMS 0x000000074f200000, 0x000000074f200000| Untracked 
| 122|0x000000074f400000, 0x000000074f400000, 0x000000074f600000|  0%| F|  |TAMS 0x000000074f400000, 0x000000074f400000| Untracked 
| 123|0x000000074f600000, 0x000000074f600000, 0x000000074f800000|  0%| F|  |TAMS 0x000000074f600000, 0x000000074f600000| Untracked 
| 124|0x000000074f800000, 0x000000074f800000, 0x000000074fa00000|  0%| F|  |TAMS 0x000000074f800000, 0x000000074f800000| Untracked 
| 125|0x000000074fa00000, 0x000000074fa00000, 0x000000074fc00000|  0%| F|  |TAMS 0x000000074fa00000, 0x000000074fa00000| Untracked 
| 126|0x000000074fc00000, 0x000000074fc00000, 0x000000074fe00000|  0%| F|  |TAMS 0x000000074fc00000, 0x000000074fc00000| Untracked 
| 127|0x000000074fe00000, 0x000000074fe00000, 0x0000000750000000|  0%| F|  |TAMS 0x000000074fe00000, 0x000000074fe00000| Untracked 
| 128|0x0000000750000000, 0x0000000750000000, 0x0000000750200000|  0%| F|  |TAMS 0x0000000750000000, 0x0000000750000000| Untracked 
| 129|0x0000000750200000, 0x0000000750200000, 0x0000000750400000|  0%| F|  |TAMS 0x0000000750200000, 0x0000000750200000| Untracked 
| 130|0x0000000750400000, 0x0000000750400000, 0x0000000750600000|  0%| F|  |TAMS 0x0000000750400000, 0x0000000750400000| Untracked 
| 131|0x0000000750600000, 0x0000000750600000, 0x0000000750800000|  0%| F|  |TAMS 0x0000000750600000, 0x0000000750600000| Untracked 
| 132|0x0000000750800000, 0x0000000750800000, 0x0000000750a00000|  0%| F|  |TAMS 0x0000000750800000, 0x0000000750800000| Untracked 
| 133|0x0000000750a00000, 0x0000000750a00000, 0x0000000750c00000|  0%| F|  |TAMS 0x0000000750a00000, 0x0000000750a00000| Untracked 
| 134|0x0000000750c00000, 0x0000000750c00000, 0x0000000750e00000|  0%| F|  |TAMS 0x0000000750c00000, 0x0000000750c00000| Untracked 
| 135|0x0000000750e00000, 0x0000000750e00000, 0x0000000751000000|  0%| F|  |TAMS 0x0000000750e00000, 0x0000000750e00000| Untracked 
| 136|0x0000000751000000, 0x0000000751000000, 0x0000000751200000|  0%| F|  |TAMS 0x0000000751000000, 0x0000000751000000| Untracked 
| 137|0x0000000751200000, 0x0000000751200000, 0x0000000751400000|  0%| F|  |TAMS 0x0000000751200000, 0x0000000751200000| Untracked 
| 138|0x0000000751400000, 0x0000000751400000, 0x0000000751600000|  0%| F|  |TAMS 0x0000000751400000, 0x0000000751400000| Untracked 
| 139|0x0000000751600000, 0x0000000751600000, 0x0000000751800000|  0%| F|  |TAMS 0x0000000751600000, 0x0000000751600000| Untracked 
| 140|0x0000000751800000, 0x0000000751800000, 0x0000000751a00000|  0%| F|  |TAMS 0x0000000751800000, 0x0000000751800000| Untracked 
| 141|0x0000000751a00000, 0x0000000751a00000, 0x0000000751c00000|  0%| F|  |TAMS 0x0000000751a00000, 0x0000000751a00000| Untracked 
| 142|0x0000000751c00000, 0x0000000751c00000, 0x0000000751e00000|  0%| F|  |TAMS 0x0000000751c00000, 0x0000000751c00000| Untracked 
| 143|0x0000000751e00000, 0x0000000751e00000, 0x0000000752000000|  0%| F|  |TAMS 0x0000000751e00000, 0x0000000751e00000| Untracked 
| 144|0x0000000752000000, 0x0000000752000000, 0x0000000752200000|  0%| F|  |TAMS 0x0000000752000000, 0x0000000752000000| Untracked 
| 145|0x0000000752200000, 0x0000000752200000, 0x0000000752400000|  0%| F|  |TAMS 0x0000000752200000, 0x0000000752200000| Untracked 
| 146|0x0000000752400000, 0x0000000752400000, 0x0000000752600000|  0%| F|  |TAMS 0x0000000752400000, 0x0000000752400000| Untracked 
| 147|0x0000000752600000, 0x0000000752600000, 0x0000000752800000|  0%| F|  |TAMS 0x0000000752600000, 0x0000000752600000| Untracked 
| 148|0x0000000752800000, 0x0000000752800000, 0x0000000752a00000|  0%| F|  |TAMS 0x0000000752800000, 0x0000000752800000| Untracked 
| 149|0x0000000752a00000, 0x0000000752a00000, 0x0000000752c00000|  0%| F|  |TAMS 0x0000000752a00000, 0x0000000752a00000| Untracked 
| 150|0x0000000752c00000, 0x0000000752c00000, 0x0000000752e00000|  0%| F|  |TAMS 0x0000000752c00000, 0x0000000752c00000| Untracked 
| 151|0x0000000752e00000, 0x0000000752e00000, 0x0000000753000000|  0%| F|  |TAMS 0x0000000752e00000, 0x0000000752e00000| Untracked 
| 152|0x0000000753000000, 0x0000000753000000, 0x0000000753200000|  0%| F|  |TAMS 0x0000000753000000, 0x0000000753000000| Untracked 
| 153|0x0000000753200000, 0x0000000753200000, 0x0000000753400000|  0%| F|  |TAMS 0x0000000753200000, 0x0000000753200000| Untracked 
| 154|0x0000000753400000, 0x0000000753400000, 0x0000000753600000|  0%| F|  |TAMS 0x0000000753400000, 0x0000000753400000| Untracked 
| 155|0x0000000753600000, 0x0000000753600000, 0x0000000753800000|  0%| F|  |TAMS 0x0000000753600000, 0x0000000753600000| Untracked 
| 156|0x0000000753800000, 0x0000000753800000, 0x0000000753a00000|  0%| F|  |TAMS 0x0000000753800000, 0x0000000753800000| Untracked 
| 157|0x0000000753a00000, 0x0000000753a00000, 0x0000000753c00000|  0%| F|  |TAMS 0x0000000753a00000, 0x0000000753a00000| Untracked 
| 158|0x0000000753c00000, 0x0000000753c00000, 0x0000000753e00000|  0%| F|  |TAMS 0x0000000753c00000, 0x0000000753c00000| Untracked 
| 159|0x0000000753e00000, 0x0000000753e00000, 0x0000000754000000|  0%| F|  |TAMS 0x0000000753e00000, 0x0000000753e00000| Untracked 
| 160|0x0000000754000000, 0x0000000754000000, 0x0000000754200000|  0%| F|  |TAMS 0x0000000754000000, 0x0000000754000000| Untracked 
| 161|0x0000000754200000, 0x0000000754200000, 0x0000000754400000|  0%| F|  |TAMS 0x0000000754200000, 0x0000000754200000| Untracked 
| 162|0x0000000754400000, 0x0000000754400000, 0x0000000754600000|  0%| F|  |TAMS 0x0000000754400000, 0x0000000754400000| Untracked 
| 163|0x0000000754600000, 0x0000000754600000, 0x0000000754800000|  0%| F|  |TAMS 0x0000000754600000, 0x0000000754600000| Untracked 
| 164|0x0000000754800000, 0x0000000754800000, 0x0000000754a00000|  0%| F|  |TAMS 0x0000000754800000, 0x0000000754800000| Untracked 
| 165|0x0000000754a00000, 0x0000000754a00000, 0x0000000754c00000|  0%| F|  |TAMS 0x0000000754a00000, 0x0000000754a00000| Untracked 
| 166|0x0000000754c00000, 0x0000000754c00000, 0x0000000754e00000|  0%| F|  |TAMS 0x0000000754c00000, 0x0000000754c00000| Untracked 
| 167|0x0000000754e00000, 0x0000000754e00000, 0x0000000755000000|  0%| F|  |TAMS 0x0000000754e00000, 0x0000000754e00000| Untracked 
| 168|0x0000000755000000, 0x0000000755000000, 0x0000000755200000|  0%| F|  |TAMS 0x0000000755000000, 0x0000000755000000| Untracked 
| 169|0x0000000755200000, 0x0000000755200000, 0x0000000755400000|  0%| F|  |TAMS 0x0000000755200000, 0x0000000755200000| Untracked 
| 170|0x0000000755400000, 0x0000000755400000, 0x0000000755600000|  0%| F|  |TAMS 0x0000000755400000, 0x0000000755400000| Untracked 
| 171|0x0000000755600000, 0x0000000755600000, 0x0000000755800000|  0%| F|  |TAMS 0x0000000755600000, 0x0000000755600000| Untracked 
| 172|0x0000000755800000, 0x0000000755800000, 0x0000000755a00000|  0%| F|  |TAMS 0x0000000755800000, 0x0000000755800000| Untracked 
| 173|0x0000000755a00000, 0x0000000755a00000, 0x0000000755c00000|  0%| F|  |TAMS 0x0000000755a00000, 0x0000000755a00000| Untracked 
| 174|0x0000000755c00000, 0x0000000755c00000, 0x0000000755e00000|  0%| F|  |TAMS 0x0000000755c00000, 0x0000000755c00000| Untracked 
| 175|0x0000000755e00000, 0x0000000755e00000, 0x0000000756000000|  0%| F|  |TAMS 0x0000000755e00000, 0x0000000755e00000| Untracked 
| 176|0x0000000756000000, 0x0000000756000000, 0x0000000756200000|  0%| F|  |TAMS 0x0000000756000000, 0x0000000756000000| Untracked 
| 177|0x0000000756200000, 0x0000000756200000, 0x0000000756400000|  0%| F|  |TAMS 0x0000000756200000, 0x0000000756200000| Untracked 
| 178|0x0000000756400000, 0x0000000756400000, 0x0000000756600000|  0%| F|  |TAMS 0x0000000756400000, 0x0000000756400000| Untracked 
| 179|0x0000000756600000, 0x0000000756600000, 0x0000000756800000|  0%| F|  |TAMS 0x0000000756600000, 0x0000000756600000| Untracked 
| 180|0x0000000756800000, 0x0000000756800000, 0x0000000756a00000|  0%| F|  |TAMS 0x0000000756800000, 0x0000000756800000| Untracked 
| 181|0x0000000756a00000, 0x0000000756a00000, 0x0000000756c00000|  0%| F|  |TAMS 0x0000000756a00000, 0x0000000756a00000| Untracked 
| 182|0x0000000756c00000, 0x0000000756c00000, 0x0000000756e00000|  0%| F|  |TAMS 0x0000000756c00000, 0x0000000756c00000| Untracked 
| 183|0x0000000756e00000, 0x0000000756e00000, 0x0000000757000000|  0%| F|  |TAMS 0x0000000756e00000, 0x0000000756e00000| Untracked 
| 184|0x0000000757000000, 0x0000000757000000, 0x0000000757200000|  0%| F|  |TAMS 0x0000000757000000, 0x0000000757000000| Untracked 
| 185|0x0000000757200000, 0x0000000757200000, 0x0000000757400000|  0%| F|  |TAMS 0x0000000757200000, 0x0000000757200000| Untracked 
| 186|0x0000000757400000, 0x0000000757400000, 0x0000000757600000|  0%| F|  |TAMS 0x0000000757400000, 0x0000000757400000| Untracked 
| 187|0x0000000757600000, 0x0000000757600000, 0x0000000757800000|  0%| F|  |TAMS 0x0000000757600000, 0x0000000757600000| Untracked 
| 188|0x0000000757800000, 0x0000000757800000, 0x0000000757a00000|  0%| F|  |TAMS 0x0000000757800000, 0x0000000757800000| Untracked 
| 189|0x0000000757a00000, 0x0000000757a00000, 0x0000000757c00000|  0%| F|  |TAMS 0x0000000757a00000, 0x0000000757a00000| Untracked 
| 190|0x0000000757c00000, 0x0000000757c00000, 0x0000000757e00000|  0%| F|  |TAMS 0x0000000757c00000, 0x0000000757c00000| Untracked 
| 191|0x0000000757e00000, 0x0000000757e00000, 0x0000000758000000|  0%| F|  |TAMS 0x0000000757e00000, 0x0000000757e00000| Untracked 
| 192|0x0000000758000000, 0x0000000758000000, 0x0000000758200000|  0%| F|  |TAMS 0x0000000758000000, 0x0000000758000000| Untracked 
| 193|0x0000000758200000, 0x0000000758200000, 0x0000000758400000|  0%| F|  |TAMS 0x0000000758200000, 0x0000000758200000| Untracked 
| 194|0x0000000758400000, 0x0000000758400000, 0x0000000758600000|  0%| F|  |TAMS 0x0000000758400000, 0x0000000758400000| Untracked 
| 195|0x0000000758600000, 0x0000000758600000, 0x0000000758800000|  0%| F|  |TAMS 0x0000000758600000, 0x0000000758600000| Untracked 
| 196|0x0000000758800000, 0x0000000758800000, 0x0000000758a00000|  0%| F|  |TAMS 0x0000000758800000, 0x0000000758800000| Untracked 
| 197|0x0000000758a00000, 0x0000000758a00000, 0x0000000758c00000|  0%| F|  |TAMS 0x0000000758a00000, 0x0000000758a00000| Untracked 
| 198|0x0000000758c00000, 0x0000000758c00000, 0x0000000758e00000|  0%| F|  |TAMS 0x0000000758c00000, 0x0000000758c00000| Untracked 
| 199|0x0000000758e00000, 0x0000000758e00000, 0x0000000759000000|  0%| F|  |TAMS 0x0000000758e00000, 0x0000000758e00000| Untracked 
| 200|0x0000000759000000, 0x0000000759000000, 0x0000000759200000|  0%| F|  |TAMS 0x0000000759000000, 0x0000000759000000| Untracked 
| 201|0x0000000759200000, 0x0000000759200000, 0x0000000759400000|  0%| F|  |TAMS 0x0000000759200000, 0x0000000759200000| Untracked 
| 202|0x0000000759400000, 0x0000000759400000, 0x0000000759600000|  0%| F|  |TAMS 0x0000000759400000, 0x0000000759400000| Untracked 
| 203|0x0000000759600000, 0x0000000759600000, 0x0000000759800000|  0%| F|  |TAMS 0x0000000759600000, 0x0000000759600000| Untracked 
| 204|0x0000000759800000, 0x0000000759800000, 0x0000000759a00000|  0%| F|  |TAMS 0x0000000759800000, 0x0000000759800000| Untracked 
| 205|0x0000000759a00000, 0x0000000759a00000, 0x0000000759c00000|  0%| F|  |TAMS 0x0000000759a00000, 0x0000000759a00000| Untracked 
| 206|0x0000000759c00000, 0x0000000759c00000, 0x0000000759e00000|  0%| F|  |TAMS 0x0000000759c00000, 0x0000000759c00000| Untracked 
| 207|0x0000000759e00000, 0x0000000759e00000, 0x000000075a000000|  0%| F|  |TAMS 0x0000000759e00000, 0x0000000759e00000| Untracked 
| 208|0x000000075a000000, 0x000000075a000000, 0x000000075a200000|  0%| F|  |TAMS 0x000000075a000000, 0x000000075a000000| Untracked 
| 209|0x000000075a200000, 0x000000075a200000, 0x000000075a400000|  0%| F|  |TAMS 0x000000075a200000, 0x000000075a200000| Untracked 
| 210|0x000000075a400000, 0x000000075a400000, 0x000000075a600000|  0%| F|  |TAMS 0x000000075a400000, 0x000000075a400000| Untracked 
| 211|0x000000075a600000, 0x000000075a600000, 0x000000075a800000|  0%| F|  |TAMS 0x000000075a600000, 0x000000075a600000| Untracked 
| 212|0x000000075a800000, 0x000000075a800000, 0x000000075aa00000|  0%| F|  |TAMS 0x000000075a800000, 0x000000075a800000| Untracked 
| 213|0x000000075aa00000, 0x000000075aa00000, 0x000000075ac00000|  0%| F|  |TAMS 0x000000075aa00000, 0x000000075aa00000| Untracked 
| 214|0x000000075ac00000, 0x000000075ac00000, 0x000000075ae00000|  0%| F|  |TAMS 0x000000075ac00000, 0x000000075ac00000| Untracked 
| 215|0x000000075ae00000, 0x000000075ae00000, 0x000000075b000000|  0%| F|  |TAMS 0x000000075ae00000, 0x000000075ae00000| Untracked 
| 216|0x000000075b000000, 0x000000075b000000, 0x000000075b200000|  0%| F|  |TAMS 0x000000075b000000, 0x000000075b000000| Untracked 
| 217|0x000000075b200000, 0x000000075b200000, 0x000000075b400000|  0%| F|  |TAMS 0x000000075b200000, 0x000000075b200000| Untracked 
| 218|0x000000075b400000, 0x000000075b400000, 0x000000075b600000|  0%| F|  |TAMS 0x000000075b400000, 0x000000075b400000| Untracked 
| 219|0x000000075b600000, 0x000000075b600000, 0x000000075b800000|  0%| F|  |TAMS 0x000000075b600000, 0x000000075b600000| Untracked 
| 220|0x000000075b800000, 0x000000075b800000, 0x000000075ba00000|  0%| F|  |TAMS 0x000000075b800000, 0x000000075b800000| Untracked 
| 221|0x000000075ba00000, 0x000000075ba00000, 0x000000075bc00000|  0%| F|  |TAMS 0x000000075ba00000, 0x000000075ba00000| Untracked 
| 222|0x000000075bc00000, 0x000000075bc00000, 0x000000075be00000|  0%| F|  |TAMS 0x000000075bc00000, 0x000000075bc00000| Untracked 
| 223|0x000000075be00000, 0x000000075be00000, 0x000000075c000000|  0%| F|  |TAMS 0x000000075be00000, 0x000000075be00000| Untracked 
| 224|0x000000075c000000, 0x000000075c000000, 0x000000075c200000|  0%| F|  |TAMS 0x000000075c000000, 0x000000075c000000| Untracked 
| 225|0x000000075c200000, 0x000000075c200000, 0x000000075c400000|  0%| F|  |TAMS 0x000000075c200000, 0x000000075c200000| Untracked 
| 226|0x000000075c400000, 0x000000075c400000, 0x000000075c600000|  0%| F|  |TAMS 0x000000075c400000, 0x000000075c400000| Untracked 
| 227|0x000000075c600000, 0x000000075c600000, 0x000000075c800000|  0%| F|  |TAMS 0x000000075c600000, 0x000000075c600000| Untracked 
| 228|0x000000075c800000, 0x000000075c800000, 0x000000075ca00000|  0%| F|  |TAMS 0x000000075c800000, 0x000000075c800000| Untracked 
| 229|0x000000075ca00000, 0x000000075ca00000, 0x000000075cc00000|  0%| F|  |TAMS 0x000000075ca00000, 0x000000075ca00000| Untracked 
| 230|0x000000075cc00000, 0x000000075cc00000, 0x000000075ce00000|  0%| F|  |TAMS 0x000000075cc00000, 0x000000075cc00000| Untracked 
| 231|0x000000075ce00000, 0x000000075d000000, 0x000000075d000000|100%| S|CS|TAMS 0x000000075ce00000, 0x000000075ce00000| Complete 
| 232|0x000000075d000000, 0x000000075d200000, 0x000000075d200000|100%| S|CS|TAMS 0x000000075d000000, 0x000000075d000000| Complete 
| 233|0x000000075d200000, 0x000000075d200000, 0x000000075d400000|  0%| F|  |TAMS 0x000000075d200000, 0x000000075d200000| Untracked 
| 234|0x000000075d400000, 0x000000075d400000, 0x000000075d600000|  0%| F|  |TAMS 0x000000075d400000, 0x000000075d400000| Untracked 
| 235|0x000000075d600000, 0x000000075d600000, 0x000000075d800000|  0%| F|  |TAMS 0x000000075d600000, 0x000000075d600000| Untracked 
| 236|0x000000075d800000, 0x000000075d800000, 0x000000075da00000|  0%| F|  |TAMS 0x000000075d800000, 0x000000075d800000| Untracked 
| 237|0x000000075da00000, 0x000000075da00000, 0x000000075dc00000|  0%| F|  |TAMS 0x000000075da00000, 0x000000075da00000| Untracked 
| 238|0x000000075dc00000, 0x000000075dc00000, 0x000000075de00000|  0%| F|  |TAMS 0x000000075dc00000, 0x000000075dc00000| Untracked 
| 239|0x000000075de00000, 0x000000075dfeca68, 0x000000075e000000| 96%| E|  |TAMS 0x000000075de00000, 0x000000075de00000| Complete 
| 240|0x000000075e000000, 0x000000075e200000, 0x000000075e200000|100%| E|CS|TAMS 0x000000075e000000, 0x000000075e000000| Complete 
| 241|0x000000075e200000, 0x000000075e400000, 0x000000075e400000|100%| E|CS|TAMS 0x000000075e200000, 0x000000075e200000| Complete 
| 242|0x000000075e400000, 0x000000075e600000, 0x000000075e600000|100%| E|CS|TAMS 0x000000075e400000, 0x000000075e400000| Complete 
| 243|0x000000075e600000, 0x000000075e800000, 0x000000075e800000|100%| E|CS|TAMS 0x000000075e600000, 0x000000075e600000| Complete 
| 244|0x000000075e800000, 0x000000075ea00000, 0x000000075ea00000|100%| E|CS|TAMS 0x000000075e800000, 0x000000075e800000| Complete 
|1534|0x00000007ffc00000, 0x00000007ffd75000, 0x00000007ffe00000| 72%|OA|  |TAMS 0x00000007ffc00000, 0x00000007ffc00000| Untracked 
|1535|0x00000007ffe00000, 0x00000007ffe78000, 0x0000000800000000| 23%|CA|  |TAMS 0x00000007ffe00000, 0x00000007ffe00000| Untracked 

Card table byte_map: [0x0000752134c00000,0x0000752135200000] _byte_map_base: 0x0000752131200000

Marking Bits (Prev, Next): (CMBitMap*) 0x0000752130073b00, (CMBitMap*) 0x0000752130073b40
 Prev Bits: [0x0000752116400000, 0x0000752119400000)
 Next Bits: [0x0000752113400000, 0x0000752116400000)

Polling page: 0x0000752137fb8000

Metaspace:

Usage:
  Non-class:      6.13 MB used.
      Class:    871.95 KB used.
       Both:      6.98 MB used.

Virtual space:
  Non-class space:       64.00 MB reserved,       6.31 MB ( 10%) committed,  1 nodes.
      Class space:        1.00 GB reserved,     960.00 KB ( <1%) committed,  1 nodes.
             Both:        1.06 GB reserved,       7.25 MB ( <1%) committed. 

Chunk freelists:
   Non-Class:  8.80 MB
       Class:  14.89 MB
        Both:  23.69 MB

MaxMetaspaceSize: unlimited
CompressedClassSpaceSize: 1.00 GB
Initial GC threshold: 21.00 MB
Current GC threshold: 21.00 MB
CDS: on
MetaspaceReclaimPolicy: balanced
 - commit_granule_bytes: 65536.
 - commit_granule_words: 8192.
 - virtual_space_node_default_size: 8388608.
 - enlarge_chunks_in_place: 1.
 - new_chunks_are_fully_committed: 0.
 - uncommit_free_chunks: 1.
 - use_allocation_guard: 0.
 - handle_deallocations: 1.


Internal statistics:

num_allocs_failed_limit: 0.
num_arena_births: 226.
num_arena_deaths: 0.
num_vsnodes_births: 2.
num_vsnodes_deaths: 0.
num_space_committed: 116.
num_space_uncommitted: 0.
num_chunks_returned_to_freelist: 0.
num_chunks_taken_from_freelist: 426.
num_chunk_merges: 0.
num_chunk_splits: 281.
num_chunks_enlarged: 190.
num_inconsistent_stats: 0.

CodeHeap 'non-profiled nmethods': size=120028Kb used=826Kb max_used=826Kb free=119201Kb
 bounds [0x0000752120ec9000, 0x0000752121139000, 0x0000752128400000]
CodeHeap 'profiled nmethods': size=120028Kb used=2583Kb max_used=2583Kb free=117444Kb
 bounds [0x0000752119400000, 0x0000752119690000, 0x0000752120937000]
CodeHeap 'non-nmethods': size=5704Kb used=1187Kb max_used=1309Kb free=4516Kb
 bounds [0x0000752120937000, 0x0000752120ba7000, 0x0000752120ec9000]
 total_blobs=1973 nmethods=1482 adapters=405
 compilation: enabled
              stopped_count=0, restarted_count=0
 full_count=0

Compilation events (20 events):
Event: 1.978 Thread 0x0000752130207da0 nmethod 1473 0x000075211967ea10 code [0x000075211967ebc0, 0x000075211967ed00]
Event: 1.978 Thread 0x0000752130207da0 1474       3       jdk.internal.org.objectweb.asm.MethodWriter::visitMaxs (60 bytes)
Event: 1.978 Thread 0x0000752130207da0 nmethod 1474 0x000075211967ed90 code [0x000075211967ef60, 0x000075211967f210]
Event: 1.978 Thread 0x0000752130207da0 1475       3       jdk.internal.org.objectweb.asm.MethodWriter::visitEnd (1 bytes)
Event: 1.979 Thread 0x0000752130207da0 nmethod 1475 0x000075211967f310 code [0x000075211967f4a0, 0x000075211967f5b0]
Event: 1.979 Thread 0x0000752130207da0 1477       3       jdk.internal.org.objectweb.asm.MethodWriter::computeMethodInfoSize (571 bytes)
Event: 1.980 Thread 0x0000752130207da0 nmethod 1477 0x000075211967f610 code [0x000075211967f940, 0x0000752119680860]
Event: 1.981 Thread 0x0000752130207da0 1480       3       java.lang.invoke.LambdaFormEditor::getInCache (165 bytes)
Event: 1.981 Thread 0x0000752130207da0 nmethod 1480 0x0000752119680f10 code [0x00007521196811a0, 0x0000752119682070]
Event: 1.981 Thread 0x0000752130207da0 1479       3       java.lang.invoke.LambdaFormEditor$TransformKey::<init> (15 bytes)
Event: 1.982 Thread 0x0000752130207da0 nmethod 1479 0x0000752119682410 code [0x00007521196825c0, 0x0000752119682750]
Event: 1.982 Thread 0x0000752130207da0 1481       3       java.lang.invoke.ClassSpecializer$SpeciesData::transformHelper (56 bytes)
Event: 1.982 Thread 0x0000752130207da0 nmethod 1481 0x0000752119682810 code [0x0000752119682aa0, 0x0000752119683ae0]
Event: 1.983 Thread 0x0000752130207da0 1482       3       com.xtv.Unpack$35::hook (57 bytes)
Event: 1.984 Thread 0x0000752130207da0 nmethod 1482 0x0000752119683f90 code [0x00007521196842e0, 0x0000752119685590]
Event: 2.163 Thread 0x0000752130206860 nmethod 1462 0x0000752120f8a910 code [0x0000752120f8ade0, 0x0000752120f926a0]
Event: 2.163 Thread 0x0000752130206860 1476       4       jdk.internal.org.objectweb.asm.SymbolTable::addConstantUtf8 (98 bytes)
Event: 2.198 Thread 0x0000752130206860 nmethod 1476 0x0000752120f95410 code [0x0000752120f95600, 0x0000752120f96e68]
Event: 2.198 Thread 0x0000752130206860 1465       4       jdk.internal.org.objectweb.asm.SymbolTable::get (13 bytes)
Event: 2.198 Thread 0x0000752130206860 nmethod 1465 0x0000752120f97810 code [0x0000752120f979a0, 0x0000752120f97a78]

GC Heap History (2 events):
Event: 0.510 GC heap before
{Heap before GC invocations=0 (full 0):
 garbage-first heap   total 505856K, used 24500K [0x0000000740000000, 0x0000000800000000)
  region size 2048K, 12 young (24576K), 0 survivors (0K)
 Metaspace       used 5547K, committed 5696K, reserved 1114112K
  class space    used 670K, committed 768K, reserved 1048576K
}
Event: 0.513 GC heap after
{Heap after GC invocations=1 (full 0):
 garbage-first heap   total 505856K, used 8013K [0x0000000740000000, 0x0000000800000000)
  region size 2048K, 2 young (4096K), 2 survivors (4096K)
 Metaspace       used 5547K, committed 5696K, reserved 1114112K
  class space    used 670K, committed 768K, reserved 1048576K
}

Dll operation events (10 events):
Event: 0.001 Loaded shared library /usr/lib/jvm/java-17-openjdk-amd64/lib/libjava.so
Event: 0.019 Loaded shared library /usr/lib/jvm/java-17-openjdk-amd64/lib/libjsvml.so
Event: 0.031 Loaded shared library /usr/lib/jvm/java-17-openjdk-amd64/lib/libnio.so
Event: 0.034 Loaded shared library /usr/lib/jvm/java-17-openjdk-amd64/lib/libzip.so
Event: 0.072 Loaded shared library /usr/lib/jvm/java-17-openjdk-amd64/lib/libjimage.so
Event: 0.146 Loaded shared library /tmp/nativelib-loader_2701958611000742534/libunicorn.so
Event: 0.212 Loaded shared library /usr/lib/jvm/java-17-openjdk-amd64/lib/libmanagement.so
Event: 0.213 Loaded shared library /usr/lib/jvm/java-17-openjdk-amd64/lib/libmanagement_ext.so
Event: 0.221 Loaded shared library /usr/lib/jvm/java-17-openjdk-amd64/lib/libnet.so
Event: 0.272 Loaded shared library /home/nestor/.cache/JNA/temp/jna4851994028419399028.tmp

Deoptimization events (20 events):
Event: 0.609 Thread 0x0000752130018460 DEOPT PACKING pc=0x0000752120f0e3c8 sp=0x00007521367fe380
Event: 0.609 Thread 0x0000752130018460 DEOPT UNPACKING pc=0x000075212098d699 sp=0x00007521367fe328 mode 2
Event: 0.741 Thread 0x0000752130018460 Uncommon trap: trap_request=0xffffff45 fr.pc=0x0000752120f14834 relative=0x0000000000000274
Event: 0.741 Thread 0x0000752130018460 Uncommon trap: reason=unstable_if action=reinterpret pc=0x0000752120f14834 method=com.github.unidbg.pointer.UnidbgPointer.write(J[BII)V @ 46 c2
Event: 0.741 Thread 0x0000752130018460 DEOPT PACKING pc=0x0000752120f14834 sp=0x00007521367fd2e0
Event: 0.741 Thread 0x0000752130018460 DEOPT UNPACKING pc=0x000075212098d699 sp=0x00007521367fd2a8 mode 2
Event: 0.743 Thread 0x0000752130018460 Uncommon trap: trap_request=0xffffff45 fr.pc=0x0000752120f2ed90 relative=0x0000000000001610
Event: 0.743 Thread 0x0000752130018460 Uncommon trap: reason=unstable_if action=reinterpret pc=0x0000752120f2ed90 method=java.util.concurrent.ConcurrentHashMap.computeIfAbsent(Ljava/lang/Object;Ljava/util/function/Function;)Ljava/lang/Object; @ 230 c2
Event: 0.743 Thread 0x0000752130018460 DEOPT PACKING pc=0x0000752120f2ed90 sp=0x00007521367fda00
Event: 0.743 Thread 0x0000752130018460 DEOPT UNPACKING pc=0x000075212098d699 sp=0x00007521367fd9b8 mode 2
Event: 0.806 Thread 0x0000752130018460 DEOPT PACKING pc=0x0000752119630344 sp=0x00007521367fd310
Event: 0.806 Thread 0x0000752130018460 DEOPT UNPACKING pc=0x000075212098de2f sp=0x00007521367fc810 mode 0
Event: 1.973 Thread 0x0000752130018460 Uncommon trap: trap_request=0xffffff45 fr.pc=0x0000752120f37b2c relative=0x000000000000030c
Event: 1.973 Thread 0x0000752130018460 Uncommon trap: reason=unstable_if action=reinterpret pc=0x0000752120f37b2c method=jdk.internal.org.objectweb.asm.SymbolTable.put(Ljdk/internal/org/objectweb/asm/SymbolTable$Entry;)Ljdk/internal/org/objectweb/asm/SymbolTable$Entry; @ 13 c2
Event: 1.973 Thread 0x0000752130018460 DEOPT PACKING pc=0x0000752120f37b2c sp=0x00007521367fdf60
Event: 1.973 Thread 0x0000752130018460 DEOPT UNPACKING pc=0x000075212098d699 sp=0x00007521367fdee0 mode 2
Event: 1.981 Thread 0x0000752130018460 Uncommon trap: trap_request=0x00000009 fr.pc=0x0000752120f397b0 relative=0x0000000000000090
Event: 1.981 Thread 0x0000752130018460 Uncommon trap: reason=unloaded action=reinterpret pc=0x0000752120f397b0 method=com.github.unidbg.arm.backend.Unicorn2Backend.mem_read(JJ)[B @ 12 c2
Event: 1.981 Thread 0x0000752130018460 DEOPT PACKING pc=0x0000752120f397b0 sp=0x00007521367fe670
Event: 1.981 Thread 0x0000752130018460 DEOPT UNPACKING pc=0x000075212098d699 sp=0x00007521367fe640 mode 2

Classes loaded (20 events):
Event: 0.828 Loading class sun/nio/fs/UnixChannelFactory
Event: 0.828 Loading class sun/nio/fs/UnixChannelFactory done
Event: 0.828 Loading class sun/nio/fs/UnixChannelFactory$Flags
Event: 0.828 Loading class sun/nio/fs/UnixChannelFactory$Flags done
Event: 0.828 Loading class sun/nio/ch/FileChannelImpl$Closer
Event: 0.828 Loading class sun/nio/ch/FileChannelImpl$Closer done
Event: 0.828 Loading class java/nio/channels/Channels
Event: 0.828 Loading class java/nio/channels/Channels done
Event: 0.828 Loading class sun/nio/ch/ChannelInputStream
Event: 0.828 Loading class sun/nio/ch/ChannelInputStream done
Event: 0.831 Loading class java/nio/channels/SelectableChannel
Event: 0.831 Loading class java/nio/channels/SelectableChannel done
Event: 0.831 Loading class sun/nio/ch/Util$BufferCache
Event: 0.831 Loading class sun/nio/ch/Util$BufferCache done
Event: 0.834 Loading class java/nio/DirectByteBuffer$Deallocator
Event: 0.834 Loading class java/nio/DirectByteBuffer$Deallocator done
Event: 1.976 Loading class jdk/internal/reflect/UnsafeQualifiedObjectFieldAccessorImpl
Event: 1.976 Loading class jdk/internal/reflect/UnsafeQualifiedFieldAccessorImpl
Event: 1.976 Loading class jdk/internal/reflect/UnsafeQualifiedFieldAccessorImpl done
Event: 1.976 Loading class jdk/internal/reflect/UnsafeQualifiedObjectFieldAccessorImpl done

Classes unloaded (0 events):
No events

Classes redefined (0 events):
No events

Internal exceptions (20 events):
Event: 1.202 Thread 0x0000752130018460 Exception <a 'unicorn/UnicornException'{0x000000075dedf588}: Invalid memory mapping (UC_ERR_MAP)> (0x000000075dedf588) 
thrown [./src/hotspot/share/prims/jni.cpp, line 535]
Event: 1.202 Thread 0x0000752130018460 Exception <a 'unicorn/UnicornException'{0x000000075dedfcf8}: Invalid memory mapping (UC_ERR_MAP)> (0x000000075dedfcf8) 
thrown [./src/hotspot/share/prims/jni.cpp, line 535]
Event: 1.202 Thread 0x0000752130018460 Exception <a 'unicorn/UnicornException'{0x000000075dee0468}: Invalid memory mapping (UC_ERR_MAP)> (0x000000075dee0468) 
thrown [./src/hotspot/share/prims/jni.cpp, line 535]
Event: 1.202 Thread 0x0000752130018460 Exception <a 'unicorn/UnicornException'{0x000000075dee0be0}: Invalid memory mapping (UC_ERR_MAP)> (0x000000075dee0be0) 
thrown [./src/hotspot/share/prims/jni.cpp, line 535]
Event: 1.202 Thread 0x0000752130018460 Exception <a 'unicorn/UnicornException'{0x000000075dee1350}: Invalid memory mapping (UC_ERR_MAP)> (0x000000075dee1350) 
thrown [./src/hotspot/share/prims/jni.cpp, line 535]
Event: 1.202 Thread 0x0000752130018460 Exception <a 'unicorn/UnicornException'{0x000000075dee1ac0}: Invalid memory mapping (UC_ERR_MAP)> (0x000000075dee1ac0) 
thrown [./src/hotspot/share/prims/jni.cpp, line 535]
Event: 1.202 Thread 0x0000752130018460 Exception <a 'unicorn/UnicornException'{0x000000075dee2230}: Invalid memory mapping (UC_ERR_MAP)> (0x000000075dee2230) 
thrown [./src/hotspot/share/prims/jni.cpp, line 535]
Event: 1.202 Thread 0x0000752130018460 Exception <a 'unicorn/UnicornException'{0x000000075dee29a0}: Invalid memory mapping (UC_ERR_MAP)> (0x000000075dee29a0) 
thrown [./src/hotspot/share/prims/jni.cpp, line 535]
Event: 1.202 Thread 0x0000752130018460 Exception <a 'unicorn/UnicornException'{0x000000075dee3110}: Invalid memory mapping (UC_ERR_MAP)> (0x000000075dee3110) 
thrown [./src/hotspot/share/prims/jni.cpp, line 535]
Event: 1.202 Thread 0x0000752130018460 Exception <a 'unicorn/UnicornException'{0x000000075dee3880}: Invalid memory mapping (UC_ERR_MAP)> (0x000000075dee3880) 
thrown [./src/hotspot/share/prims/jni.cpp, line 535]
Event: 1.202 Thread 0x0000752130018460 Exception <a 'unicorn/UnicornException'{0x000000075dee3ff0}: Invalid memory mapping (UC_ERR_MAP)> (0x000000075dee3ff0) 
thrown [./src/hotspot/share/prims/jni.cpp, line 535]
Event: 1.202 Thread 0x0000752130018460 Exception <a 'unicorn/UnicornException'{0x000000075dee4760}: Invalid memory mapping (UC_ERR_MAP)> (0x000000075dee4760) 
thrown [./src/hotspot/share/prims/jni.cpp, line 535]
Event: 1.202 Thread 0x0000752130018460 Exception <a 'unicorn/UnicornException'{0x000000075dee4ed0}: Invalid memory mapping (UC_ERR_MAP)> (0x000000075dee4ed0) 
thrown [./src/hotspot/share/prims/jni.cpp, line 535]
Event: 1.202 Thread 0x0000752130018460 Exception <a 'unicorn/UnicornException'{0x000000075dee5640}: Invalid memory mapping (UC_ERR_MAP)> (0x000000075dee5640) 
thrown [./src/hotspot/share/prims/jni.cpp, line 535]
Event: 1.202 Thread 0x0000752130018460 Exception <a 'unicorn/UnicornException'{0x000000075dee5db0}: Invalid memory mapping (UC_ERR_MAP)> (0x000000075dee5db0) 
thrown [./src/hotspot/share/prims/jni.cpp, line 535]
Event: 1.202 Thread 0x0000752130018460 Exception <a 'unicorn/UnicornException'{0x000000075dee6520}: Invalid memory mapping (UC_ERR_MAP)> (0x000000075dee6520) 
thrown [./src/hotspot/share/prims/jni.cpp, line 535]
Event: 1.202 Thread 0x0000752130018460 Exception <a 'unicorn/UnicornException'{0x000000075dee6c90}: Invalid memory mapping (UC_ERR_MAP)> (0x000000075dee6c90) 
thrown [./src/hotspot/share/prims/jni.cpp, line 535]
Event: 1.202 Thread 0x0000752130018460 Exception <a 'unicorn/UnicornException'{0x000000075dee7400}: Invalid memory mapping (UC_ERR_MAP)> (0x000000075dee7400) 
thrown [./src/hotspot/share/prims/jni.cpp, line 535]
Event: 1.981 Thread 0x0000752130018460 Exception <a 'unicorn/UnicornException'{0x000000075df64720}: Invalid memory read (UC_ERR_READ_UNMAPPED)> (0x000000075df64720) 
thrown [./src/hotspot/share/prims/jni.cpp, line 535]
Event: 1.981 Thread 0x0000752130018460 Exception <a 'unicorn/UnicornException'{0x000000075df65b68}: Invalid memory read (UC_ERR_READ_UNMAPPED)> (0x000000075df65b68) 
thrown [./src/hotspot/share/prims/jni.cpp, line 535]

VM Operations (20 events):
Event: 0.257 Executing VM operation: HandshakeAllThreads
Event: 0.257 Executing VM operation: HandshakeAllThreads done
Event: 0.273 Executing VM operation: HandshakeAllThreads
Event: 0.273 Executing VM operation: HandshakeAllThreads done
Event: 0.274 Executing VM operation: HandshakeAllThreads
Event: 0.274 Executing VM operation: HandshakeAllThreads done
Event: 0.508 Executing VM operation: G1CollectForAllocation
Event: 0.513 Executing VM operation: G1CollectForAllocation done
Event: 0.526 Executing VM operation: HandshakeAllThreads
Event: 0.526 Executing VM operation: HandshakeAllThreads done
Event: 0.806 Executing VM operation: HandshakeAllThreads
Event: 0.806 Executing VM operation: HandshakeAllThreads done
Event: 1.806 Executing VM operation: Cleanup
Event: 1.806 Executing VM operation: Cleanup done
Event: 1.975 Executing VM operation: HandshakeAllThreads
Event: 1.975 Executing VM operation: HandshakeAllThreads done
Event: 2.975 Executing VM operation: Cleanup
Event: 2.975 Executing VM operation: Cleanup done
Event: 60.044 Executing VM operation: HandshakeAllThreads
Event: 60.044 Executing VM operation: HandshakeAllThreads done

Memory protections (16 events):
Event: 0.001 Protecting memory [0x0000752136700000,0x0000752136704000] with protection modes 0
Event: 0.021 Protecting memory [0x0000752110749000,0x000075211074d000] with protection modes 0
Event: 0.021 Protecting memory [0x0000752110649000,0x000075211064d000] with protection modes 0
Event: 0.023 Protecting memory [0x0000752110549000,0x000075211054d000] with protection modes 0
Event: 0.023 Protecting memory [0x0000752110449000,0x000075211044d000] with protection modes 0
Event: 0.023 Protecting memory [0x0000752110349000,0x000075211034d000] with protection modes 0
Event: 0.024 Protecting memory [0x0000752110249000,0x000075211024d000] with protection modes 0
Event: 0.024 Protecting memory [0x0000752110149000,0x000075211014d000] with protection modes 0
Event: 0.024 Protecting memory [0x0000752110049000,0x000075211004d000] with protection modes 0
Event: 0.027 Protecting memory [0x00007520b6900000,0x00007520b6904000] with protection modes 0
Event: 0.028 Protecting memory [0x00007520b66ff000,0x00007520b6703000] with protection modes 0
Event: 0.492 Protecting memory [0x00007520b6594000,0x00007520b6598000] with protection modes 0
Event: 0.508 Protecting memory [0x00007520b5f00000,0x00007520b5f04000] with protection modes 0
Event: 0.528 Protecting memory [0x0000752134003000,0x0000752134007000] with protection modes 0
Event: 0.814 Protecting memory [0x00007520b6594000,0x00007520b6598000] with protection modes 0
Event: 0.816 Protecting memory [0x00007520b5f00000,0x00007520b5f04000] with protection modes 0

Nmethod flushes (0 events):
No events

Events (20 events):
Event: 0.021 Thread 0x0000752130018460 Thread added: 0x00007521301fbd30
Event: 0.021 Thread 0x0000752130018460 Thread added: 0x00007521301fd120
Event: 0.023 Thread 0x0000752130018460 Thread added: 0x00007521302026c0
Event: 0.023 Thread 0x0000752130018460 Thread added: 0x0000752130203a80
Event: 0.023 Thread 0x0000752130018460 Thread added: 0x0000752130204ea0
Event: 0.023 Thread 0x0000752130018460 Thread added: 0x0000752130206860
Event: 0.024 Thread 0x0000752130018460 Thread added: 0x0000752130207da0
Event: 0.024 Thread 0x0000752130018460 Thread added: 0x0000752130211210
Event: 0.027 Thread 0x0000752130018460 Thread added: 0x0000752130218da0
Event: 0.028 Thread 0x0000752130018460 Thread added: 0x000075213021c530
Event: 0.492 Thread 0x0000752130207da0 Thread added: 0x000075209026c990
Event: 0.508 Thread 0x0000752130207da0 Thread added: 0x000075209026f5f0
Event: 0.528 Thread 0x0000752130018460 Thread added: 0x00007521306428b0
Event: 0.726 Thread 0x000075209026f5f0 Thread exited: 0x000075209026f5f0
Event: 0.742 Thread 0x000075209026c990 Thread exited: 0x000075209026c990
Event: 0.814 Thread 0x0000752130207da0 Thread added: 0x0000752090430d60
Event: 0.816 Thread 0x0000752130207da0 Thread added: 0x0000752090431d20
Event: 1.971 Thread 0x0000752090431d20 Thread exited: 0x0000752090431d20
Event: 1.972 Thread 0x0000752090430d60 Thread exited: 0x0000752090430d60
Event: 60.532 Thread 0x00007521306428b0 Thread exited: 0x00007521306428b0


Dynamic libraries:
740000000-75ea00000 rw-p 00000000 00:00 0 
75ea00000-7ffc00000 ---p 00000000 00:00 0 
7ffc00000-7ffd00000 rw-p 00000000 00:00 0 
7ffd00000-7ffd75000 rw-p 00c77000 103:02 23605002                        /usr/lib/jvm/java-17-openjdk-amd64/lib/server/classes.jsa
7ffd75000-7ffe00000 rw-p 00000000 00:00 0 
7ffe00000-7ffe78000 rw-p 00bff000 103:02 23605002                        /usr/lib/jvm/java-17-openjdk-amd64/lib/server/classes.jsa
7ffe78000-800000000 rw-p 00000000 00:00 0 
625aea05e000-625aea05f000 r--p 00000000 103:02 23604847                  /usr/lib/jvm/java-17-openjdk-amd64/bin/java
625aea05f000-625aea060000 r-xp 00001000 103:02 23604847                  /usr/lib/jvm/java-17-openjdk-amd64/bin/java
625aea060000-625aea061000 r--p 00002000 103:02 23604847                  /usr/lib/jvm/java-17-openjdk-amd64/bin/java
625aea061000-625aea062000 r--p 00002000 103:02 23604847                  /usr/lib/jvm/java-17-openjdk-amd64/bin/java
625aea062000-625aea063000 rw-p 00003000 103:02 23604847                  /usr/lib/jvm/java-17-openjdk-amd64/bin/java
625affb98000-625affbe0000 rw-p 00000000 00:00 0                          [heap]
751fc29fe000-751fc31ff000 rw-p 00000000 00:00 0 
751fc3600000-751fc3700000 rw-p 00000000 00:00 0 
751fc3700000-751fc3701000 ---p 00000000 00:00 0 
751fc3800000-751fc3900000 rw-p 00000000 00:00 0 
751fc3900000-751fc3901000 ---p 00000000 00:00 0 
751fc3a00000-751fc3b00000 rw-p 00000000 00:00 0 
751fc3b00000-751fc3b01000 ---p 00000000 00:00 0 
751fc3c00000-751fc3d00000 rw-p 00000000 00:00 0 
751fc3d00000-751fc3d01000 ---p 00000000 00:00 0 
751fc3e00000-751fc3f00000 rw-p 00000000 00:00 0 
751fc3f00000-751fc3f01000 ---p 00000000 00:00 0 
751fc4000000-751fc4100000 rw-p 00000000 00:00 0 
751fc4100000-751fc4101000 ---p 00000000 00:00 0 
751fc4200000-751fc4300000 rw-p 00000000 00:00 0 
751fc4300000-751fc4301000 ---p 00000000 00:00 0 
751fc4400000-751fc4500000 rw-p 00000000 00:00 0 
751fc4500000-751fc4501000 ---p 00000000 00:00 0 
751fc4600000-751fc4700000 rw-p 00000000 00:00 0 
751fc4700000-751fc4701000 ---p 00000000 00:00 0 
751fc4800000-751fc4900000 rw-p 00000000 00:00 0 
751fc4900000-751fc4901000 ---p 00000000 00:00 0 
751fc4a00000-751fc4b00000 rw-p 00000000 00:00 0 
751fc4b00000-751fc4b01000 ---p 00000000 00:00 0 
751fc4c00000-751fc4d00000 rw-p 00000000 00:00 0 
751fc4d00000-751fc4d01000 ---p 00000000 00:00 0 
751fc4e00000-751fc4f00000 rw-p 00000000 00:00 0 
751fc4f00000-751fc4f01000 ---p 00000000 00:00 0 
751fc5000000-751fc5100000 rw-p 00000000 00:00 0 
751fc5100000-751fc5101000 ---p 00000000 00:00 0 
751fc5200000-751fc5300000 rw-p 00000000 00:00 0 
751fc5300000-751fc5301000 ---p 00000000 00:00 0 
751fc5400000-751fc5500000 rw-p 00000000 00:00 0 
751fc5500000-751fc5501000 ---p 00000000 00:00 0 
751fc5600000-751fc5700000 rw-p 00000000 00:00 0 
751fc5700000-751fc5701000 ---p 00000000 00:00 0 
751fc5800000-751fc5900000 rw-p 00000000 00:00 0 
751fc5900000-751fc5901000 ---p 00000000 00:00 0 
751fc5a00000-751fc5b00000 rw-p 00000000 00:00 0 
751fc5b00000-751fc5b01000 ---p 00000000 00:00 0 
751fc5c00000-751fc5d00000 rw-p 00000000 00:00 0 
751fc5d00000-751fc5d01000 ---p 00000000 00:00 0 
751fc5e00000-751fc5f00000 rw-p 00000000 00:00 0 
751fc5f00000-751fc5f01000 ---p 00000000 00:00 0 
751fc6000000-751fc6100000 rw-p 00000000 00:00 0 
751fc6100000-751fc6101000 ---p 00000000 00:00 0 
751fc6200000-751fc6300000 rw-p 00000000 00:00 0 
751fc6300000-751fc6301000 ---p 00000000 00:00 0 
751fc6400000-751fc6500000 rw-p 00000000 00:00 0 
751fc6500000-751fc6501000 ---p 00000000 00:00 0 
751fc6600000-751fc6700000 rw-p 00000000 00:00 0 
751fc6700000-751fc6701000 ---p 00000000 00:00 0 
751fc6800000-751fc6900000 rw-p 00000000 00:00 0 
751fc6900000-751fc6901000 ---p 00000000 00:00 0 
751fc6a00000-751fc6b00000 rw-p 00000000 00:00 0 
751fc6b00000-751fc6b01000 ---p 00000000 00:00 0 
751fc6c00000-751fc6d00000 rw-p 00000000 00:00 0 
751fc6d00000-751fc6d01000 ---p 00000000 00:00 0 
751fc6e00000-751fc6f00000 rw-p 00000000 00:00 0 
751fc6f00000-751fc6f01000 ---p 00000000 00:00 0 
751fc7000000-751fc7100000 rw-p 00000000 00:00 0 
751fc7100000-751fc7101000 ---p 00000000 00:00 0 
751fc7200000-751fc7300000 rw-p 00000000 00:00 0 
751fc7300000-751fc7301000 ---p 00000000 00:00 0 
751fc7400000-751fc7500000 rw-p 00000000 00:00 0 
751fc7500000-751fc7501000 ---p 00000000 00:00 0 
751fc7600000-751fc7700000 rw-p 00000000 00:00 0 
751fc7700000-751fc7701000 ---p 00000000 00:00 0 
751fc7800000-751fc7900000 rw-p 00000000 00:00 0 
751fc7900000-751fc7901000 ---p 00000000 00:00 0 
751fc7a00000-751fc7b00000 rw-p 00000000 00:00 0 
751fc7b00000-751fc7b01000 ---p 00000000 00:00 0 
751fc7c00000-751fc7d00000 rw-p 00000000 00:00 0 
751fc7d00000-751fc7d01000 ---p 00000000 00:00 0 
751fc7e00000-751fc7f00000 rw-p 00000000 00:00 0 
751fc7f00000-751fc7f01000 ---p 00000000 00:00 0 
751fc8000000-751fc8100000 rw-p 00000000 00:00 0 
751fc8100000-751fc8101000 ---p 00000000 00:00 0 
751fc8200000-751fc8300000 rw-p 00000000 00:00 0 
751fc8300000-751fc8301000 ---p 00000000 00:00 0 
751fc8400000-751fc8500000 rw-p 00000000 00:00 0 
751fc8500000-751fc8501000 ---p 00000000 00:00 0 
751fc8600000-751fc8700000 rw-p 00000000 00:00 0 
751fc8700000-751fc8701000 ---p 00000000 00:00 0 
751fc8800000-751fc8900000 rw-p 00000000 00:00 0 
751fc8900000-751fc8901000 ---p 00000000 00:00 0 
751fc8a00000-751fc8b00000 rw-p 00000000 00:00 0 
751fc8b00000-751fc8b01000 ---p 00000000 00:00 0 
751fc8c00000-751fc8d00000 rw-p 00000000 00:00 0 
751fc8d00000-751fc8d01000 ---p 00000000 00:00 0 
751fc8e00000-751fc8f00000 rw-p 00000000 00:00 0 
751fc8f00000-751fc8f01000 ---p 00000000 00:00 0 
751fc9000000-751fc9100000 rw-p 00000000 00:00 0 
751fc9100000-751fc9101000 ---p 00000000 00:00 0 
751fc9200000-751fc9300000 rw-p 00000000 00:00 0 
751fc9300000-751fc9301000 ---p 00000000 00:00 0 
751fc9400000-751fc9500000 rw-p 00000000 00:00 0 
751fc9500000-751fc9501000 ---p 00000000 00:00 0 
751fc9600000-751fc9700000 rw-p 00000000 00:00 0 
751fc9700000-751fc9701000 ---p 00000000 00:00 0 
751fc9800000-751fc9900000 rw-p 00000000 00:00 0 
751fc9900000-751fc9901000 ---p 00000000 00:00 0 
751fc9a00000-751fc9b00000 rw-p 00000000 00:00 0 
751fc9b00000-751fc9b01000 ---p 00000000 00:00 0 
751fc9c00000-751fc9d00000 rw-p 00000000 00:00 0 
751fc9d00000-751fc9d01000 ---p 00000000 00:00 0 
751fc9e00000-751fc9f00000 rw-p 00000000 00:00 0 
751fc9f00000-751fc9f01000 ---p 00000000 00:00 0 
751fca000000-751fca100000 rw-p 00000000 00:00 0 
751fca100000-751fca101000 ---p 00000000 00:00 0 
751fca200000-751fca300000 rw-p 00000000 00:00 0 
751fca300000-751fca301000 ---p 00000000 00:00 0 
751fca400000-751fca500000 rw-p 00000000 00:00 0 
751fca500000-751fca501000 ---p 00000000 00:00 0 
751fca600000-751fca700000 rw-p 00000000 00:00 0 
751fca700000-751fca701000 ---p 00000000 00:00 0 
751fca800000-751fca900000 rw-p 00000000 00:00 0 
751fca900000-751fca901000 ---p 00000000 00:00 0 
751fcaa00000-751fcab00000 rw-p 00000000 00:00 0 
751fcab00000-751fcab01000 ---p 00000000 00:00 0 
751fcac00000-751fcad00000 rw-p 00000000 00:00 0 
751fcad00000-751fcad01000 ---p 00000000 00:00 0 
751fcae00000-751fcaf00000 rw-p 00000000 00:00 0 
751fcaf00000-751fcaf01000 ---p 00000000 00:00 0 
751fcb000000-751fcb100000 rw-p 00000000 00:00 0 
751fcb100000-751fcb101000 ---p 00000000 00:00 0 
751fcb200000-751fcb300000 rw-p 00000000 00:00 0 
751fcb300000-751fcb301000 ---p 00000000 00:00 0 
751fcb400000-751fcb500000 rw-p 00000000 00:00 0 
751fcb500000-751fcb501000 ---p 00000000 00:00 0 
751fcb600000-751fcb700000 rw-p 00000000 00:00 0 
751fcb700000-751fcb701000 ---p 00000000 00:00 0 
751fcb800000-751fcb900000 rw-p 00000000 00:00 0 
751fcb900000-751fcb901000 ---p 00000000 00:00 0 
751fcba00000-751fcbb00000 rw-p 00000000 00:00 0 
751fcbb00000-751fcbb01000 ---p 00000000 00:00 0 
751fcbc00000-751fcbd00000 rw-p 00000000 00:00 0 
751fcbd00000-751fcbd01000 ---p 00000000 00:00 0 
751fcbe00000-751fcbf00000 rw-p 00000000 00:00 0 
751fcbf00000-751fcbf01000 ---p 00000000 00:00 0 
751fcc000000-751fcc100000 rw-p 00000000 00:00 0 
751fcc100000-751fcc101000 ---p 00000000 00:00 0 
751fcc200000-751fcc300000 rw-p 00000000 00:00 0 
751fcc300000-751fcc301000 ---p 00000000 00:00 0 
751fcc400000-751fcc500000 rw-p 00000000 00:00 0 
751fcc500000-751fcc501000 ---p 00000000 00:00 0 
751fcc600000-751fcc700000 rw-p 00000000 00:00 0 
751fcc700000-751fcc701000 ---p 00000000 00:00 0 
751fcc800000-751fcc900000 rw-p 00000000 00:00 0 
751fcc900000-751fcc901000 ---p 00000000 00:00 0 
751fcca00000-751fccb00000 rw-p 00000000 00:00 0 
751fccb00000-751fccb01000 ---p 00000000 00:00 0 
751fccc00000-751fccd00000 rw-p 00000000 00:00 0 
751fccd00000-751fccd01000 ---p 00000000 00:00 0 
751fcce00000-751fccf00000 rw-p 00000000 00:00 0 
751fccf00000-751fccf01000 ---p 00000000 00:00 0 
751fcd000000-751fcd100000 rw-p 00000000 00:00 0 
751fcd100000-751fcd101000 ---p 00000000 00:00 0 
751fcd200000-751fcd300000 rw-p 00000000 00:00 0 
751fcd300000-751fcd301000 ---p 00000000 00:00 0 
751fcd400000-751fcd500000 rw-p 00000000 00:00 0 
751fcd500000-751fcd501000 ---p 00000000 00:00 0 
751fcd600000-751fcd700000 rw-p 00000000 00:00 0 
751fcd700000-751fcd701000 ---p 00000000 00:00 0 
751fcd800000-751fcd900000 rw-p 00000000 00:00 0 
751fcd900000-751fcd901000 ---p 00000000 00:00 0 
751fcda00000-751fcdb00000 rw-p 00000000 00:00 0 
751fcdb00000-751fcdb01000 ---p 00000000 00:00 0 
751fcdc00000-751fcdd00000 rw-p 00000000 00:00 0 
751fcdd00000-751fcdd01000 ---p 00000000 00:00 0 
751fcde00000-751fcdf00000 rw-p 00000000 00:00 0 
751fcdf00000-751fcdf01000 ---p 00000000 00:00 0 
751fce000000-751fce100000 rw-p 00000000 00:00 0 
751fce100000-751fce101000 ---p 00000000 00:00 0 
751fce200000-751fce300000 rw-p 00000000 00:00 0 
751fce300000-751fce301000 ---p 00000000 00:00 0 
751fce400000-751fce500000 rw-p 00000000 00:00 0 
751fce500000-751fce501000 ---p 00000000 00:00 0 
751fce600000-751fce700000 rw-p 00000000 00:00 0 
751fce700000-751fce701000 ---p 00000000 00:00 0 
751fce800000-751fce900000 rw-p 00000000 00:00 0 
751fce900000-751fce901000 ---p 00000000 00:00 0 
751fcea00000-751fceb00000 rw-p 00000000 00:00 0 
751fceb00000-751fceb01000 ---p 00000000 00:00 0 
751fcec00000-751fced00000 rw-p 00000000 00:00 0 
751fced00000-751fced01000 ---p 00000000 00:00 0 
751fcee00000-751fcef00000 rw-p 00000000 00:00 0 
751fcef00000-751fcef01000 ---p 00000000 00:00 0 
751fcf000000-751fcf100000 rw-p 00000000 00:00 0 
751fcf100000-751fcf101000 ---p 00000000 00:00 0 
751fcf200000-751fcf300000 rw-p 00000000 00:00 0 
751fcf300000-751fcf301000 ---p 00000000 00:00 0 
751fcf400000-751fcf500000 rw-p 00000000 00:00 0 
751fcf500000-751fcf501000 ---p 00000000 00:00 0 
751fcf600000-751fcf700000 rw-p 00000000 00:00 0 
751fcf700000-751fcf701000 ---p 00000000 00:00 0 
751fcf800000-751fcf900000 rw-p 00000000 00:00 0 
751fcf900000-751fcf901000 ---p 00000000 00:00 0 
751fcfa00000-751fcfb00000 rw-p 00000000 00:00 0 
751fcfb00000-751fcfb01000 ---p 00000000 00:00 0 
751fcfc00000-751fcfd00000 rw-p 00000000 00:00 0 
751fcfd00000-751fcfd01000 ---p 00000000 00:00 0 
751fcfe00000-751fcff00000 rw-p 00000000 00:00 0 
751fcff00000-751fcff01000 ---p 00000000 00:00 0 
751fd0000000-751fd0100000 rw-p 00000000 00:00 0 
751fd0100000-751fd0101000 ---p 00000000 00:00 0 
751fd0200000-751fd0300000 rw-p 00000000 00:00 0 
751fd0300000-751fd0301000 ---p 00000000 00:00 0 
751fd0400000-751fd0500000 rw-p 00000000 00:00 0 
751fd0500000-751fd0501000 ---p 00000000 00:00 0 
751fd0600000-751fd0700000 rw-p 00000000 00:00 0 
751fd0700000-751fd0701000 ---p 00000000 00:00 0 
751fd0800000-751fd0900000 rw-p 00000000 00:00 0 
751fd0900000-751fd0901000 ---p 00000000 00:00 0 
751fd0a00000-751fd0b00000 rw-p 00000000 00:00 0 
751fd0b00000-751fd0b01000 ---p 00000000 00:00 0 
751fd0c00000-751fd0d00000 rw-p 00000000 00:00 0 
751fd0d00000-751fd0d01000 ---p 00000000 00:00 0 
751fd0e00000-751fd0f00000 rw-p 00000000 00:00 0 
751fd0f00000-751fd0f01000 ---p 00000000 00:00 0 
751fd1000000-751fd1100000 rw-p 00000000 00:00 0 
751fd1100000-751fd1101000 ---p 00000000 00:00 0 
751fd1200000-751fd1300000 rw-p 00000000 00:00 0 
751fd1300000-751fd1301000 ---p 00000000 00:00 0 
751fd1400000-751fd1500000 rw-p 00000000 00:00 0 
751fd1500000-751fd1501000 ---p 00000000 00:00 0 
751fd1600000-751fd1700000 rw-p 00000000 00:00 0 
751fd1700000-751fd1701000 ---p 00000000 00:00 0 
751fd1800000-751fd1900000 rw-p 00000000 00:00 0 
751fd1900000-751fd1901000 ---p 00000000 00:00 0 
751fd1a00000-751fd1b00000 rw-p 00000000 00:00 0 
751fd1b00000-751fd1b01000 ---p 00000000 00:00 0 
751fd1c00000-751fd1d00000 rw-p 00000000 00:00 0 
751fd1d00000-751fd1d01000 ---p 00000000 00:00 0 
751fd1e00000-751fd1f00000 rw-p 00000000 00:00 0 
751fd1f00000-751fd1f01000 ---p 00000000 00:00 0 
751fd2000000-751fd2100000 rw-p 00000000 00:00 0 
751fd2100000-751fd2101000 ---p 00000000 00:00 0 
751fd2200000-751fd2300000 rw-p 00000000 00:00 0 
751fd2300000-751fd2301000 ---p 00000000 00:00 0 
751fd2400000-751fd2500000 rw-p 00000000 00:00 0 
751fd2500000-751fd2501000 ---p 00000000 00:00 0 
751fd2600000-751fd2700000 rw-p 00000000 00:00 0 
751fd2700000-751fd2701000 ---p 00000000 00:00 0 
751fd2800000-751fd2900000 rw-p 00000000 00:00 0 
751fd2900000-751fd2901000 ---p 00000000 00:00 0 
751fd2a00000-751fd2b00000 rw-p 00000000 00:00 0 
751fd2b00000-751fd2b01000 ---p 00000000 00:00 0 
751fd2c00000-751fd2d00000 rw-p 00000000 00:00 0 
751fd2d00000-751fd2d01000 ---p 00000000 00:00 0 
751fd2e00000-751fd2f00000 rw-p 00000000 00:00 0 
751fd2f00000-751fd2f01000 ---p 00000000 00:00 0 
751fd3000000-751fd3100000 rw-p 00000000 00:00 0 
751fd3100000-751fd3101000 ---p 00000000 00:00 0 
751fd3200000-751fd3300000 rw-p 00000000 00:00 0 
751fd3300000-751fd3301000 ---p 00000000 00:00 0 
751fd3400000-751fd3500000 rw-p 00000000 00:00 0 
751fd3500000-751fd3501000 ---p 00000000 00:00 0 
751fd3600000-751fd3700000 rw-p 00000000 00:00 0 
751fd3700000-751fd3701000 ---p 00000000 00:00 0 
751fd3800000-751fd3900000 rw-p 00000000 00:00 0 
751fd3900000-751fd3901000 ---p 00000000 00:00 0 
751fd3a00000-751fd3b00000 rw-p 00000000 00:00 0 
751fd3b00000-751fd3b01000 ---p 00000000 00:00 0 
751fd3c00000-751fd3d00000 rw-p 00000000 00:00 0 
751fd3d00000-751fd3d01000 ---p 00000000 00:00 0 
751fd3e00000-751fd3f00000 rw-p 00000000 00:00 0 
751fd3f00000-751fd3f01000 ---p 00000000 00:00 0 
751fd4000000-751fd4100000 rw-p 00000000 00:00 0 
751fd4100000-751fd4101000 ---p 00000000 00:00 0 
751fd4200000-751fd4300000 rw-p 00000000 00:00 0 
751fd4300000-751fd4301000 ---p 00000000 00:00 0 
751fd4400000-751fd4500000 rw-p 00000000 00:00 0 
751fd4500000-751fd4501000 ---p 00000000 00:00 0 
751fd4600000-751fd4700000 rw-p 00000000 00:00 0 
751fd4700000-751fd4701000 ---p 00000000 00:00 0 
751fd4800000-751fd4900000 rw-p 00000000 00:00 0 
751fd4900000-751fd4901000 ---p 00000000 00:00 0 
751fd4a00000-751fd4b00000 rw-p 00000000 00:00 0 
751fd4b00000-751fd4b01000 ---p 00000000 00:00 0 
751fd4c00000-751fd4d00000 rw-p 00000000 00:00 0 
751fd4d00000-751fd4d01000 ---p 00000000 00:00 0 
751fd4e00000-751fd4f00000 rw-p 00000000 00:00 0 
751fd4f00000-751fd4f01000 ---p 00000000 00:00 0 
751fd5000000-751fd5100000 rw-p 00000000 00:00 0 
751fd5100000-751fd5101000 ---p 00000000 00:00 0 
751fd5200000-751fd5300000 rw-p 00000000 00:00 0 
751fd5300000-751fd5301000 ---p 00000000 00:00 0 
751fd5400000-751fd5500000 rw-p 00000000 00:00 0 
751fd5500000-751fd5501000 ---p 00000000 00:00 0 
751fd5600000-751fd5700000 rw-p 00000000 00:00 0 
751fd5700000-751fd5701000 ---p 00000000 00:00 0 
751fd5800000-751fd5900000 rw-p 00000000 00:00 0 
751fd5900000-751fd5901000 ---p 00000000 00:00 0 
751fd5a00000-751fd5b00000 rw-p 00000000 00:00 0 
751fd5b00000-751fd5b01000 ---p 00000000 00:00 0 
751fd5c00000-751fd5d00000 rw-p 00000000 00:00 0 
751fd5d00000-751fd5d01000 ---p 00000000 00:00 0 
751fd5e00000-751fd5f00000 rw-p 00000000 00:00 0 
751fd5f00000-751fd5f01000 ---p 00000000 00:00 0 
751fd6000000-751fd6100000 rw-p 00000000 00:00 0 
751fd6100000-751fd6101000 ---p 00000000 00:00 0 
751fd6200000-751fd6300000 rw-p 00000000 00:00 0 
751fd6300000-751fd6301000 ---p 00000000 00:00 0 
751fd6400000-751fd6500000 rw-p 00000000 00:00 0 
751fd6500000-751fd6501000 ---p 00000000 00:00 0 
751fd6600000-751fd6700000 rw-p 00000000 00:00 0 
751fd6700000-751fd6701000 ---p 00000000 00:00 0 
751fd6800000-751fd6900000 rw-p 00000000 00:00 0 
751fd6900000-751fd6901000 ---p 00000000 00:00 0 
751fd6a00000-751fd6b00000 rw-p 00000000 00:00 0 
751fd6b00000-751fd6b01000 ---p 00000000 00:00 0 
751fd6c00000-751fd6d00000 rw-p 00000000 00:00 0 
751fd6d00000-751fd6d01000 ---p 00000000 00:00 0 
751fd6e00000-751fd6f00000 rw-p 00000000 00:00 0 
751fd6f00000-751fd6f01000 ---p 00000000 00:00 0 
751fd7000000-751fd7100000 rw-p 00000000 00:00 0 
751fd7100000-751fd7101000 ---p 00000000 00:00 0 
751fd7200000-751fd7300000 rw-p 00000000 00:00 0 
751fd7300000-751fd7301000 ---p 00000000 00:00 0 
751fd7400000-751fd7500000 rw-p 00000000 00:00 0 
751fd7500000-751fd7501000 ---p 00000000 00:00 0 
751fd7600000-751fd7700000 rw-p 00000000 00:00 0 
751fd7700000-751fd7701000 ---p 00000000 00:00 0 
751fd7800000-751fd7900000 rw-p 00000000 00:00 0 
751fd7900000-751fd7901000 ---p 00000000 00:00 0 
751fd7a00000-751fd7b00000 rw-p 00000000 00:00 0 
751fd7b00000-751fd7b01000 ---p 00000000 00:00 0 
751fd7c00000-751fd7d00000 rw-p 00000000 00:00 0 
751fd7d00000-751fd7d01000 ---p 00000000 00:00 0 
751fd7e00000-751fd7f00000 rw-p 00000000 00:00 0 
751fd7f00000-751fd7f01000 ---p 00000000 00:00 0 
751fd8000000-751fd8100000 rw-p 00000000 00:00 0 
751fd8100000-751fd8101000 ---p 00000000 00:00 0 
751fd8200000-751fd8300000 rw-p 00000000 00:00 0 
751fd8300000-751fd8301000 ---p 00000000 00:00 0 
751fd8400000-751fd8500000 rw-p 00000000 00:00 0 
751fd8500000-751fd8501000 ---p 00000000 00:00 0 
751fd8600000-751fd8700000 rw-p 00000000 00:00 0 
751fd8700000-751fd8701000 ---p 00000000 00:00 0 
751fd8800000-751fd8900000 rw-p 00000000 00:00 0 
751fd8900000-751fd8901000 ---p 00000000 00:00 0 
751fd8a00000-751fd8b00000 rw-p 00000000 00:00 0 
751fd8b00000-751fd8b01000 ---p 00000000 00:00 0 
751fd8c00000-751fd8d00000 rw-p 00000000 00:00 0 
751fd8d00000-751fd8d01000 ---p 00000000 00:00 0 
751fd8e00000-751fd8f00000 rw-p 00000000 00:00 0 
751fd8f00000-751fd8f01000 ---p 00000000 00:00 0 
751fd9000000-751fd9100000 rw-p 00000000 00:00 0 
751fd9100000-751fd9101000 ---p 00000000 00:00 0 
751fd9200000-751fd9300000 rw-p 00000000 00:00 0 
751fd9300000-751fd9301000 ---p 00000000 00:00 0 
751fd9400000-751fd9500000 rw-p 00000000 00:00 0 
751fd9500000-751fd9501000 ---p 00000000 00:00 0 
751fd9600000-751fd9700000 rw-p 00000000 00:00 0 
751fd9700000-751fd9701000 ---p 00000000 00:00 0 
751fd9800000-751fd9900000 rw-p 00000000 00:00 0 
751fd9900000-751fd9901000 ---p 00000000 00:00 0 
751fd9a00000-751fd9b00000 rw-p 00000000 00:00 0 
751fd9b00000-751fd9b01000 ---p 00000000 00:00 0 
751fd9c00000-751fd9d00000 rw-p 00000000 00:00 0 
751fd9d00000-751fd9d01000 ---p 00000000 00:00 0 
751fd9e00000-751fd9f00000 rw-p 00000000 00:00 0 
751fd9f00000-751fd9f01000 ---p 00000000 00:00 0 
751fda000000-751fda100000 rw-p 00000000 00:00 0 
751fda100000-751fda101000 ---p 00000000 00:00 0 
751fda200000-751fda300000 rw-p 00000000 00:00 0 
751fda300000-751fda301000 ---p 00000000 00:00 0 
751fda400000-751fda500000 rw-p 00000000 00:00 0 
751fda500000-751fda501000 ---p 00000000 00:00 0 
751fda600000-751fda700000 rw-p 00000000 00:00 0 
751fda700000-751fda701000 ---p 00000000 00:00 0 
751fda800000-751fda900000 rw-p 00000000 00:00 0 
751fda900000-751fda901000 ---p 00000000 00:00 0 
751fdaa00000-751fdab00000 rw-p 00000000 00:00 0 
751fdab00000-751fdab01000 ---p 00000000 00:00 0 
751fdac00000-751fdad00000 rw-p 00000000 00:00 0 
751fdad00000-751fdad01000 ---p 00000000 00:00 0 
751fdae00000-751fdaf00000 rw-p 00000000 00:00 0 
751fdaf00000-751fdaf01000 ---p 00000000 00:00 0 
751fdb000000-751fdb100000 rw-p 00000000 00:00 0 
751fdb100000-751fdb101000 ---p 00000000 00:00 0 
751fdb200000-751fdb300000 rw-p 00000000 00:00 0 
751fdb300000-751fdb301000 ---p 00000000 00:00 0 
751fdb400000-751fdb500000 rw-p 00000000 00:00 0 
751fdb500000-751fdb501000 ---p 00000000 00:00 0 
751fdb600000-751fdb700000 rw-p 00000000 00:00 0 
751fdb700000-751fdb701000 ---p 00000000 00:00 0 
751fdb800000-751fdb900000 rw-p 00000000 00:00 0 
751fdb900000-751fdb901000 ---p 00000000 00:00 0 
751fdba00000-751fdbb00000 rw-p 00000000 00:00 0 
751fdbb00000-751fdbb01000 ---p 00000000 00:00 0 
751fdbc00000-751fdbd00000 rw-p 00000000 00:00 0 
751fdbd00000-751fdbd01000 ---p 00000000 00:00 0 
751fdbe00000-751fdbf00000 rw-p 00000000 00:00 0 
751fdbf00000-751fdbf01000 ---p 00000000 00:00 0 
751fdc000000-751fdc100000 rw-p 00000000 00:00 0 
751fdc100000-751fdc101000 ---p 00000000 00:00 0 
751fdc200000-751fdc300000 rw-p 00000000 00:00 0 
751fdc300000-751fdc301000 ---p 00000000 00:00 0 
751fdc400000-751fdc500000 rw-p 00000000 00:00 0 
751fdc500000-751fdc501000 ---p 00000000 00:00 0 
751fdc600000-751fdc700000 rw-p 00000000 00:00 0 
751fdc700000-751fdc701000 ---p 00000000 00:00 0 
751fdc800000-751fdc900000 rw-p 00000000 00:00 0 
751fdc900000-751fdc901000 ---p 00000000 00:00 0 
751fdca00000-751fdcb00000 rw-p 00000000 00:00 0 
751fdcb00000-751fdcb01000 ---p 00000000 00:00 0 
751fdcc00000-751fdcd00000 rw-p 00000000 00:00 0 
751fdcd00000-751fdcd01000 ---p 00000000 00:00 0 
751fdd000000-751fdd100000 rw-p 00000000 00:00 0 
751fdd100000-751fdd101000 ---p 00000000 00:00 0 
751fdd200000-751fdd300000 rw-p 00000000 00:00 0 
751fdd300000-751fdd301000 ---p 00000000 00:00 0 
751fdd400000-751fdd500000 rw-p 00000000 00:00 0 
751fdd500000-751fdd501000 ---p 00000000 00:00 0 
751fdd600000-751fdd700000 rw-p 00000000 00:00 0 
751fdd700000-751fdd701000 ---p 00000000 00:00 0 
751fdd800000-751fdd900000 rw-p 00000000 00:00 0 
751fdd900000-751fdd901000 ---p 00000000 00:00 0 
751fdda00000-751fddb00000 rw-p 00000000 00:00 0 
751fddb00000-751fddb01000 ---p 00000000 00:00 0 
751fddc00000-751fddd00000 rw-p 00000000 00:00 0 
751fddd00000-751fddd01000 ---p 00000000 00:00 0 
751fdde00000-751fddf00000 rw-p 00000000 00:00 0 
751fddf00000-751fddf01000 ---p 00000000 00:00 0 
751fde000000-751fde100000 rw-p 00000000 00:00 0 
751fde100000-751fde101000 ---p 00000000 00:00 0 
751fde200000-751fde300000 rw-p 00000000 00:00 0 
751fde300000-751fde301000 ---p 00000000 00:00 0 
751fde600000-751fde700000 rw-p 00000000 00:00 0 
751fde700000-751fde701000 ---p 00000000 00:00 0 
751fde800000-751fde900000 rw-p 00000000 00:00 0 
751fde900000-751fde901000 ---p 00000000 00:00 0 
751fdea00000-751fdeb00000 rw-p 00000000 00:00 0 
751fdeb00000-751fdeb01000 ---p 00000000 00:00 0 
751fdec00000-751fded00000 rw-p 00000000 00:00 0 
751fded00000-751fded01000 ---p 00000000 00:00 0 
751fdee00000-751fdee10000 rw-p 00000000 00:00 0 
751fdee10000-751fdee11000 ---p 00000000 00:00 0 
751fdf000000-751fdf010000 rw-p 00000000 00:00 0 
751fdf010000-751fdf011000 ---p 00000000 00:00 0 
751fdf200000-751fdf210000 rw-p 00000000 00:00 0 
751fdf210000-751fdf211000 ---p 00000000 00:00 0 
751fdf400000-751fdf410000 rw-p 00000000 00:00 0 
751fdf410000-751fdf411000 ---p 00000000 00:00 0 
751fdf600000-751fdf610000 rw-p 00000000 00:00 0 
751fdf610000-751fdf611000 ---p 00000000 00:00 0 
751fdf800000-751fdf810000 rw-p 00000000 00:00 0 
751fdf810000-751fdf811000 ---p 00000000 00:00 0 
751fdfa00000-751fdfa10000 rw-p 00000000 00:00 0 
751fdfa10000-751fdfa11000 ---p 00000000 00:00 0 
751fdfc00000-751fdfc10000 rw-p 00000000 00:00 0 
751fdfc10000-751fdfc11000 ---p 00000000 00:00 0 
751fdfe00000-751fdfe01000 rw-p 00000000 00:00 0 
751fdfe01000-751fdfe02000 ---p 00000000 00:00 0 
751fe0000000-751fe0001000 rw-p 00000000 00:00 0 
751fe0001000-751fe0002000 ---p 00000000 00:00 0 
751fe0200000-751fe0201000 rw-p 00000000 00:00 0 
751fe0201000-751fe0202000 ---p 00000000 00:00 0 
751fe0400000-751fe0401000 rw-p 00000000 00:00 0 
751fe0401000-751fe0402000 ---p 00000000 00:00 0 
751fe0600000-751fe0601000 rw-p 00000000 00:00 0 
751fe0601000-751fe0602000 ---p 00000000 00:00 0 
751fe0800000-751fe0900000 rw-p 00000000 00:00 0 
751fe0900000-751fe0901000 ---p 00000000 00:00 0 
751fe0a00000-751fe0a01000 rw-p 00000000 00:00 0 
751fe0a01000-751fe0a02000 ---p 00000000 00:00 0 
751fe0c00000-751fe0c01000 rw-p 00000000 00:00 0 
751fe0c01000-751fe0c02000 ---p 00000000 00:00 0 
751fe0e00000-751fe0e01000 rw-p 00000000 00:00 0 
751fe0e01000-751fe0e02000 ---p 00000000 00:00 0 
751fe1000000-751fe1001000 rw-p 00000000 00:00 0 
751fe1001000-751fe1002000 ---p 00000000 00:00 0 
751fe1200000-751fe1201000 rw-p 00000000 00:00 0 
751fe1201000-751fe1202000 ---p 00000000 00:00 0 
751fe1400000-751fe1401000 rw-p 00000000 00:00 0 
751fe1401000-751fe1402000 ---p 00000000 00:00 0 
751fe1600000-751fe1601000 rw-p 00000000 00:00 0 
751fe1601000-751fe1602000 ---p 00000000 00:00 0 
751fe1800000-751fe1801000 rw-p 00000000 00:00 0 
751fe1801000-751fe1802000 ---p 00000000 00:00 0 
751fe1a00000-751fe1a01000 rw-p 00000000 00:00 0 
751fe1a01000-751fe1a02000 ---p 00000000 00:00 0 
751fe1c00000-751fe1c01000 rw-p 00000000 00:00 0 
751fe1c01000-751fe1c02000 ---p 00000000 00:00 0 
751fe1e00000-751fe1e01000 rw-p 00000000 00:00 0 
751fe1e01000-751fe1e02000 ---p 00000000 00:00 0 
751fe2000000-751fe2001000 rw-p 00000000 00:00 0 
751fe2001000-751fe2002000 ---p 00000000 00:00 0 
751fe2200000-751fe2201000 rw-p 00000000 00:00 0 
751fe2201000-751fe2202000 ---p 00000000 00:00 0 
751fe2400000-751fe2401000 rw-p 00000000 00:00 0 
751fe2401000-751fe2402000 ---p 00000000 00:00 0 
751fe2600000-751fe2610000 rw-p 00000000 00:00 0 
751fe2610000-751fe2611000 ---p 00000000 00:00 0 
751fe2800000-751fe2810000 rw-p 00000000 00:00 0 
751fe2810000-751fe2811000 ---p 00000000 00:00 0 
751fe2a00000-751fe2a10000 rw-p 00000000 00:00 0 
751fe2a10000-751fe2a11000 ---p 00000000 00:00 0 
751fe2c00000-751fe2c10000 rw-p 00000000 00:00 0 
751fe2c10000-751fe2c11000 ---p 00000000 00:00 0 
751fe2e00000-751fe2e10000 rw-p 00000000 00:00 0 
751fe2e10000-751fe2e11000 ---p 00000000 00:00 0 
751fe3000000-751fe3010000 rw-p 00000000 00:00 0 
751fe3010000-751fe3011000 ---p 00000000 00:00 0 
751fe3200000-751fe3210000 rw-p 00000000 00:00 0 
751fe3210000-751fe3211000 ---p 00000000 00:00 0 
751fe3400000-751fe3410000 rw-p 00000000 00:00 0 
751fe3410000-751fe3411000 ---p 00000000 00:00 0 
751fe3600000-751fe3610000 rw-p 00000000 00:00 0 
751fe3610000-751fe3611000 ---p 00000000 00:00 0 
751fe3800000-751fe3810000 rw-p 00000000 00:00 0 
751fe3810000-751fe3811000 ---p 00000000 00:00 0 
751fe3a00000-751fe3a10000 rw-p 00000000 00:00 0 
751fe3a10000-751fe3a11000 ---p 00000000 00:00 0 
751fe3c00000-751fe3c10000 rw-p 00000000 00:00 0 
751fe3c10000-751fe3c11000 ---p 00000000 00:00 0 
751fe3e00000-751fe3e10000 rw-p 00000000 00:00 0 
751fe3e10000-751fe3e11000 ---p 00000000 00:00 0 
751fe4000000-751fe4010000 rw-p 00000000 00:00 0 
751fe4010000-751fe4011000 ---p 00000000 00:00 0 
751fe4200000-751fe4210000 rw-p 00000000 00:00 0 
751fe4210000-751fe4211000 ---p 00000000 00:00 0 
751fe4400000-751fe4500000 rw-p 00000000 00:00 0 
751fe4500000-751fe4501000 ---p 00000000 00:00 0 
751fe4600000-751fe4700000 rw-p 00000000 00:00 0 
751fe4700000-751fe4701000 ---p 00000000 00:00 0 
751fe4800000-751fe4900000 rw-p 00000000 00:00 0 
751fe4900000-751fe4901000 ---p 00000000 00:00 0 
751fe4a00000-751fe4b00000 rw-p 00000000 00:00 0 
751fe4b00000-751fe4b01000 ---p 00000000 00:00 0 
751fe4c00000-751fe4d00000 rw-p 00000000 00:00 0 
751fe4d00000-751fe4d01000 ---p 00000000 00:00 0 
751fe4e00000-751fe4f00000 rw-p 00000000 00:00 0 
751fe4f00000-751fe4f01000 ---p 00000000 00:00 0 
751fe5000000-751fe5100000 rw-p 00000000 00:00 0 
751fe5100000-751fe5101000 ---p 00000000 00:00 0 
751fe5200000-751fe5300000 rw-p 00000000 00:00 0 
751fe5300000-751fe5301000 ---p 00000000 00:00 0 
751fe5400000-751fe5500000 rw-p 00000000 00:00 0 
751fe5500000-751fe5501000 ---p 00000000 00:00 0 
751fe5600000-751fe5700000 rw-p 00000000 00:00 0 
751fe5700000-751fe5701000 ---p 00000000 00:00 0 
751fe5800000-751fe5900000 rw-p 00000000 00:00 0 
751fe5900000-751fe5901000 ---p 00000000 00:00 0 
751fe5a00000-751fe5b00000 rw-p 00000000 00:00 0 
751fe5b00000-751fe5b01000 ---p 00000000 00:00 0 
751fe5c00000-751fe5d00000 rw-p 00000000 00:00 0 
751fe5d00000-751fe5d01000 ---p 00000000 00:00 0 
751fe5e00000-751fe5f00000 rw-p 00000000 00:00 0 
751fe5f00000-751fe5f01000 ---p 00000000 00:00 0 
751fe6000000-751fe6100000 rw-p 00000000 00:00 0 
751fe6100000-751fe6101000 ---p 00000000 00:00 0 
751fe6200000-751fe6300000 rw-p 00000000 00:00 0 
751fe6300000-751fe6301000 ---p 00000000 00:00 0 
751fe6400000-751fe6500000 rw-p 00000000 00:00 0 
751fe6500000-751fe6501000 ---p 00000000 00:00 0 
751fe6600000-751fe6700000 rw-p 00000000 00:00 0 
751fe6700000-751fe6701000 ---p 00000000 00:00 0 
751fe6800000-751fe6900000 rw-p 00000000 00:00 0 
751fe6900000-751fe6901000 ---p 00000000 00:00 0 
751fe6a00000-751fe6b00000 rw-p 00000000 00:00 0 
751fe6b00000-751fe6b01000 ---p 00000000 00:00 0 
751fe6c00000-751fe6d00000 rw-p 00000000 00:00 0 
751fe6d00000-751fe6d01000 ---p 00000000 00:00 0 
751fe6e00000-751fe6f00000 rw-p 00000000 00:00 0 
751fe6f00000-751fe6f01000 ---p 00000000 00:00 0 
751fe7000000-751fe7100000 rw-p 00000000 00:00 0 
751fe7100000-751fe7101000 ---p 00000000 00:00 0 
751fe7200000-751fe7300000 rw-p 00000000 00:00 0 
751fe7300000-751fe7301000 ---p 00000000 00:00 0 
751fe7400000-751fe7500000 rw-p 00000000 00:00 0 
751fe7500000-751fe7501000 ---p 00000000 00:00 0 
751fe7600000-751fe7700000 rw-p 00000000 00:00 0 
751fe7700000-751fe7701000 ---p 00000000 00:00 0 
751fe7800000-751fe7900000 rw-p 00000000 00:00 0 
751fe7900000-751fe7901000 ---p 00000000 00:00 0 
751fe7a00000-751fe7b00000 rw-p 00000000 00:00 0 
751fe7b00000-751fe7b01000 ---p 00000000 00:00 0 
751fe7c00000-751fe7d00000 rw-p 00000000 00:00 0 
751fe7d00000-751fe7d01000 ---p 00000000 00:00 0 
751fe7e00000-751fe7f00000 rw-p 00000000 00:00 0 
751fe7f00000-751fe7f01000 ---p 00000000 00:00 0 
751fe8200000-751fe8300000 rw-p 00000000 00:00 0 
751fe8300000-751fe8301000 ---p 00000000 00:00 0 
751fe8400000-751fe8500000 rw-p 00000000 00:00 0 
751fe8500000-751fe8501000 ---p 00000000 00:00 0 
751fe8600000-751fe8700000 rw-p 00000000 00:00 0 
751fe8700000-751fe8701000 ---p 00000000 00:00 0 
751fe8800000-751fe8900000 rw-p 00000000 00:00 0 
751fe8900000-751fe8901000 ---p 00000000 00:00 0 
751fe8a00000-751fe8b00000 rw-p 00000000 00:00 0 
751fe8b00000-751fe8b01000 ---p 00000000 00:00 0 
751fe8c00000-751fe8d00000 rw-p 00000000 00:00 0 
751fe8d00000-751fe8d01000 ---p 00000000 00:00 0 
751fe8e00000-751fe8f00000 rw-p 00000000 00:00 0 
751fe8f00000-751fe8f01000 ---p 00000000 00:00 0 
751fe9000000-751fe9100000 rw-p 00000000 00:00 0 
751fe9100000-751fe9101000 ---p 00000000 00:00 0 
751fe9200000-751fe9300000 rw-p 00000000 00:00 0 
751fe9300000-751fe9301000 ---p 00000000 00:00 0 
751fe9400000-751fe9500000 rw-p 00000000 00:00 0 
751fe9500000-751fe9501000 ---p 00000000 00:00 0 
751fe9600000-751fe9700000 rw-p 00000000 00:00 0 
751fe9700000-751fe9701000 ---p 00000000 00:00 0 
751fe9800000-751fe9900000 rw-p 00000000 00:00 0 
751fe9900000-751fe9901000 ---p 00000000 00:00 0 
751fe9a00000-751fe9b00000 rw-p 00000000 00:00 0 
751fe9b00000-751fe9b01000 ---p 00000000 00:00 0 
751fe9c00000-751fe9d00000 rw-p 00000000 00:00 0 
751fe9d00000-751fe9d01000 ---p 00000000 00:00 0 
751fe9e00000-751fe9f00000 rw-p 00000000 00:00 0 
751fe9f00000-751fe9f01000 ---p 00000000 00:00 0 
751fea000000-751fea100000 rw-p 00000000 00:00 0 
751fea100000-751fea101000 ---p 00000000 00:00 0 
751fea200000-751fea300000 rw-p 00000000 00:00 0 
751fea300000-751fea301000 ---p 00000000 00:00 0 
751fea400000-751fea500000 rw-p 00000000 00:00 0 
751fea500000-751fea501000 ---p 00000000 00:00 0 
751fea600000-751fea700000 rw-p 00000000 00:00 0 
751fea700000-751fea701000 ---p 00000000 00:00 0 
751fea800000-751fea900000 rw-p 00000000 00:00 0 
751fea900000-751fea901000 ---p 00000000 00:00 0 
751feaa00000-751feab00000 rw-p 00000000 00:00 0 
751feab00000-751feab01000 ---p 00000000 00:00 0 
751feac00000-751fead00000 rw-p 00000000 00:00 0 
751fead00000-751fead01000 ---p 00000000 00:00 0 
751feae00000-751feaf00000 rw-p 00000000 00:00 0 
751feaf00000-751feaf01000 ---p 00000000 00:00 0 
751feb000000-751feb100000 rw-p 00000000 00:00 0 
751feb100000-751feb101000 ---p 00000000 00:00 0 
751feb200000-751feb300000 rw-p 00000000 00:00 0 
751feb300000-751feb301000 ---p 00000000 00:00 0 
751feb400000-751feb500000 rw-p 00000000 00:00 0 
751feb500000-751feb501000 ---p 00000000 00:00 0 
751feb600000-751feb700000 rw-p 00000000 00:00 0 
751feb700000-751feb701000 ---p 00000000 00:00 0 
751feb800000-751feb900000 rw-p 00000000 00:00 0 
751feb900000-751feb901000 ---p 00000000 00:00 0 
751feba00000-751febb00000 rw-p 00000000 00:00 0 
751febb00000-751febb01000 ---p 00000000 00:00 0 
751febc00000-751febd00000 rw-p 00000000 00:00 0 
751febd00000-751febd01000 ---p 00000000 00:00 0 
751febe00000-751febf00000 rw-p 00000000 00:00 0 
751febf00000-751febf01000 ---p 00000000 00:00 0 
751fec000000-751fec100000 rw-p 00000000 00:00 0 
751fec100000-751fec101000 ---p 00000000 00:00 0 
751fec200000-751fec300000 rw-p 00000000 00:00 0 
751fec300000-751fec301000 ---p 00000000 00:00 0 
751fec400000-751fec500000 rw-p 00000000 00:00 0 
751fec500000-751fec501000 ---p 00000000 00:00 0 
751fec600000-751fec700000 rw-p 00000000 00:00 0 
751fec700000-751fec701000 ---p 00000000 00:00 0 
751fec800000-751fec900000 rw-p 00000000 00:00 0 
751fec900000-751fec901000 ---p 00000000 00:00 0 
751feca00000-751fecb00000 rw-p 00000000 00:00 0 
751fecb00000-751fecb01000 ---p 00000000 00:00 0 
751fecc00000-751fecd00000 rw-p 00000000 00:00 0 
751fecd00000-751fecd01000 ---p 00000000 00:00 0 
751fece00000-751fecf00000 rw-p 00000000 00:00 0 
751fecf00000-751fecf01000 ---p 00000000 00:00 0 
751fed000000-751fed100000 rw-p 00000000 00:00 0 
751fed100000-751fed101000 ---p 00000000 00:00 0 
751fed200000-751fed300000 rw-p 00000000 00:00 0 
751fed300000-751fed301000 ---p 00000000 00:00 0 
751fed400000-751fed500000 rw-p 00000000 00:00 0 
751fed500000-751fed501000 ---p 00000000 00:00 0 
751fed600000-751fed700000 rw-p 00000000 00:00 0 
751fed700000-751fed701000 ---p 00000000 00:00 0 
751fed800000-751fed900000 rw-p 00000000 00:00 0 
751fed900000-751fed901000 ---p 00000000 00:00 0 
751feda00000-751fedb00000 rw-p 00000000 00:00 0 
751fedb00000-751fedb01000 ---p 00000000 00:00 0 
751fedc00000-751fedd00000 rw-p 00000000 00:00 0 
751fedd00000-751fedd01000 ---p 00000000 00:00 0 
751fede00000-751fedf00000 rw-p 00000000 00:00 0 
751fedf00000-751fedf01000 ---p 00000000 00:00 0 
751fee000000-751fee100000 rw-p 00000000 00:00 0 
751fee100000-751fee101000 ---p 00000000 00:00 0 
751fee200000-751fee300000 rw-p 00000000 00:00 0 
751fee300000-751fee301000 ---p 00000000 00:00 0 
751fee400000-751fee500000 rw-p 00000000 00:00 0 
751fee500000-751fee501000 ---p 00000000 00:00 0 
751fee600000-751fee700000 rw-p 00000000 00:00 0 
751fee700000-751fee701000 ---p 00000000 00:00 0 
751fee800000-751fee900000 rw-p 00000000 00:00 0 
751fee900000-751fee901000 ---p 00000000 00:00 0 
751feea00000-751feeb00000 rw-p 00000000 00:00 0 
751feeb00000-751feeb01000 ---p 00000000 00:00 0 
751feec00000-751feed00000 rw-p 00000000 00:00 0 
751feed00000-751feed01000 ---p 00000000 00:00 0 
751feee00000-751feef00000 rw-p 00000000 00:00 0 
751feef00000-751feef01000 ---p 00000000 00:00 0 
751fef000000-751fef100000 rw-p 00000000 00:00 0 
751fef100000-751fef101000 ---p 00000000 00:00 0 
751fef200000-751fef300000 rw-p 00000000 00:00 0 
751fef300000-751fef301000 ---p 00000000 00:00 0 
751fef400000-751fef500000 rw-p 00000000 00:00 0 
751fef500000-751fef501000 ---p 00000000 00:00 0 
751fef600000-751fef700000 rw-p 00000000 00:00 0 
751fef700000-751fef701000 ---p 00000000 00:00 0 
751fef800000-751fef900000 rw-p 00000000 00:00 0 
751fef900000-751fef901000 ---p 00000000 00:00 0 
751fefa00000-751fefb00000 rw-p 00000000 00:00 0 
751fefb00000-751fefb01000 ---p 00000000 00:00 0 
751fefc00000-751fefd00000 rw-p 00000000 00:00 0 
751fefd00000-751fefd01000 ---p 00000000 00:00 0 
751fefe00000-751feff00000 rw-p 00000000 00:00 0 
751feff00000-751feff01000 ---p 00000000 00:00 0 
751ff0000000-751ff0100000 rw-p 00000000 00:00 0 
751ff0100000-751ff0101000 ---p 00000000 00:00 0 
751ff0200000-751ff0300000 rw-p 00000000 00:00 0 
751ff0300000-751ff0301000 ---p 00000000 00:00 0 
751ff0400000-751ff0500000 rw-p 00000000 00:00 0 
751ff0500000-751ff0501000 ---p 00000000 00:00 0 
751ff0600000-751ff0700000 rw-p 00000000 00:00 0 
751ff0700000-751ff0701000 ---p 00000000 00:00 0 
751ff0800000-751ff0900000 rw-p 00000000 00:00 0 
751ff0900000-751ff0901000 ---p 00000000 00:00 0 
751ff0a00000-751ff0b00000 rw-p 00000000 00:00 0 
751ff0b00000-751ff0b01000 ---p 00000000 00:00 0 
751ff0c00000-751ff0d00000 rw-p 00000000 00:00 0 
751ff0d00000-751ff0d01000 ---p 00000000 00:00 0 
751ff0e00000-751ff0f00000 rw-p 00000000 00:00 0 
751ff0f00000-751ff0f01000 ---p 00000000 00:00 0 
751ff1000000-751ff1100000 rw-p 00000000 00:00 0 
751ff1100000-751ff1101000 ---p 00000000 00:00 0 
751ff1200000-751ff1300000 rw-p 00000000 00:00 0 
751ff1300000-751ff1301000 ---p 00000000 00:00 0 
751ff1400000-751ff1500000 rw-p 00000000 00:00 0 
751ff1500000-751ff1501000 ---p 00000000 00:00 0 
751ff1600000-751ff1700000 rw-p 00000000 00:00 0 
751ff1700000-751ff1701000 ---p 00000000 00:00 0 
751ff1800000-751ff1900000 rw-p 00000000 00:00 0 
751ff1900000-751ff1901000 ---p 00000000 00:00 0 
751ff1a00000-751ff1b00000 rw-p 00000000 00:00 0 
751ff1b00000-751ff1b01000 ---p 00000000 00:00 0 
751ff1c00000-751ff1d00000 rw-p 00000000 00:00 0 
751ff1d00000-751ff1d01000 ---p 00000000 00:00 0 
751ff1e00000-751ff1f00000 rw-p 00000000 00:00 0 
751ff1f00000-751ff1f01000 ---p 00000000 00:00 0 
751ff2000000-751ff2100000 rw-p 00000000 00:00 0 
751ff2100000-751ff2101000 ---p 00000000 00:00 0 
751ff2200000-751ff2300000 rw-p 00000000 00:00 0 
751ff2300000-751ff2301000 ---p 00000000 00:00 0 
751ff2400000-751ff2500000 rw-p 00000000 00:00 0 
751ff2500000-751ff2501000 ---p 00000000 00:00 0 
751ff2600000-751ff2700000 rw-p 00000000 00:00 0 
751ff2700000-751ff2701000 ---p 00000000 00:00 0 
751ff2800000-751ff2900000 rw-p 00000000 00:00 0 
751ff2900000-751ff2901000 ---p 00000000 00:00 0 
751ff2a00000-751ff2b00000 rw-p 00000000 00:00 0 
751ff2b00000-751ff2b01000 ---p 00000000 00:00 0 
751ff2c00000-751ff2d00000 rw-p 00000000 00:00 0 
751ff2d00000-751ff2d01000 ---p 00000000 00:00 0 
751ff2e00000-751ff2f00000 rw-p 00000000 00:00 0 
751ff2f00000-751ff2f01000 ---p 00000000 00:00 0 
751ff3000000-751ff3100000 rw-p 00000000 00:00 0 
751ff3100000-751ff3101000 ---p 00000000 00:00 0 
751ff3200000-751ff3300000 rw-p 00000000 00:00 0 
751ff3300000-751ff3301000 ---p 00000000 00:00 0 
751ff3400000-751ff3500000 rw-p 00000000 00:00 0 
751ff3500000-751ff3501000 ---p 00000000 00:00 0 
751ff3600000-751ff3700000 rw-p 00000000 00:00 0 
751ff3700000-751ff3701000 ---p 00000000 00:00 0 
751ff3800000-751ff3900000 rw-p 00000000 00:00 0 
751ff3900000-751ff3901000 ---p 00000000 00:00 0 
751ff3a00000-751ff3b00000 rw-p 00000000 00:00 0 
751ff3b00000-751ff3b01000 ---p 00000000 00:00 0 
751ff3c00000-751ff3d00000 rw-p 00000000 00:00 0 
751ff3d00000-751ff3d01000 ---p 00000000 00:00 0 
751ff3e00000-751ff3f00000 rw-p 00000000 00:00 0 
751ff3f00000-751ff3f01000 ---p 00000000 00:00 0 
751ff4000000-751ff4100000 rw-p 00000000 00:00 0 
751ff4100000-751ff4101000 ---p 00000000 00:00 0 
751ff4200000-751ff4300000 rw-p 00000000 00:00 0 
751ff4300000-751ff4301000 ---p 00000000 00:00 0 
751ff4400000-751ff4500000 rw-p 00000000 00:00 0 
751ff4500000-751ff4501000 ---p 00000000 00:00 0 
751ff4600000-751ff4700000 rw-p 00000000 00:00 0 
751ff4700000-751ff4701000 ---p 00000000 00:00 0 
751ff4800000-751ff4900000 rw-p 00000000 00:00 0 
751ff4900000-751ff4901000 ---p 00000000 00:00 0 
751ff4a00000-751ff4b00000 rw-p 00000000 00:00 0 
751ff4b00000-751ff4b01000 ---p 00000000 00:00 0 
751ff4c00000-751ff4d00000 rw-p 00000000 00:00 0 
751ff4d00000-751ff4d01000 ---p 00000000 00:00 0 
751ff4e00000-751ff4f00000 rw-p 00000000 00:00 0 
751ff4f00000-751ff4f01000 ---p 00000000 00:00 0 
751ff5000000-751ff5100000 rw-p 00000000 00:00 0 
751ff5100000-751ff5101000 ---p 00000000 00:00 0 
751ff5200000-751ff5300000 rw-p 00000000 00:00 0 
751ff5300000-751ff5301000 ---p 00000000 00:00 0 
751ff5400000-751ff5500000 rw-p 00000000 00:00 0 
751ff5500000-751ff5501000 ---p 00000000 00:00 0 
751ff5600000-751ff5700000 rw-p 00000000 00:00 0 
751ff5700000-751ff5701000 ---p 00000000 00:00 0 
751ff5800000-751ff5900000 rw-p 00000000 00:00 0 
751ff5900000-751ff5901000 ---p 00000000 00:00 0 
751ff5a00000-751ff5b00000 rw-p 00000000 00:00 0 
751ff5b00000-751ff5b01000 ---p 00000000 00:00 0 
751ff5c00000-751ff5d00000 rw-p 00000000 00:00 0 
751ff5d00000-751ff5d01000 ---p 00000000 00:00 0 
751ff5e00000-751ff5f00000 rw-p 00000000 00:00 0 
751ff5f00000-751ff5f01000 ---p 00000000 00:00 0 
751ff6000000-751ff6100000 rw-p 00000000 00:00 0 
751ff6100000-751ff6101000 ---p 00000000 00:00 0 
751ff6200000-751ff6300000 rw-p 00000000 00:00 0 
751ff6300000-751ff6301000 ---p 00000000 00:00 0 
751ff6400000-751ff6500000 rw-p 00000000 00:00 0 
751ff6500000-751ff6501000 ---p 00000000 00:00 0 
751ff6600000-751ff6700000 rw-p 00000000 00:00 0 
751ff6700000-751ff6701000 ---p 00000000 00:00 0 
751ff6800000-751ff6900000 rw-p 00000000 00:00 0 
751ff6900000-751ff6901000 ---p 00000000 00:00 0 
751ff6a00000-751ff6b00000 rw-p 00000000 00:00 0 
751ff6b00000-751ff6b01000 ---p 00000000 00:00 0 
751ff6c00000-751ff6d00000 rw-p 00000000 00:00 0 
751ff6d00000-751ff6d01000 ---p 00000000 00:00 0 
751ff6e00000-751ff6f00000 rw-p 00000000 00:00 0 
751ff6f00000-751ff6f01000 ---p 00000000 00:00 0 
751ff7000000-751ff7100000 rw-p 00000000 00:00 0 
751ff7100000-751ff7101000 ---p 00000000 00:00 0 
751ff7200000-751ff7300000 rw-p 00000000 00:00 0 
751ff7300000-751ff7301000 ---p 00000000 00:00 0 
751ff7400000-751ff7500000 rw-p 00000000 00:00 0 
751ff7500000-751ff7501000 ---p 00000000 00:00 0 
751ff7600000-751ff7700000 rw-p 00000000 00:00 0 
751ff7700000-751ff7701000 ---p 00000000 00:00 0 
751ff7800000-751ff7900000 rw-p 00000000 00:00 0 
751ff7900000-751ff7901000 ---p 00000000 00:00 0 
751ff7a00000-751ff7b00000 rw-p 00000000 00:00 0 
751ff7b00000-751ff7b01000 ---p 00000000 00:00 0 
751ff7c00000-751ff7d00000 rw-p 00000000 00:00 0 
751ff7d00000-751ff7d01000 ---p 00000000 00:00 0 
751ff7e00000-751ff7f00000 rw-p 00000000 00:00 0 
751ff7f00000-751ff7f01000 ---p 00000000 00:00 0 
751ff8000000-751ff8100000 rw-p 00000000 00:00 0 
751ff8100000-751ff8101000 ---p 00000000 00:00 0 
751ff8200000-751ff8300000 rw-p 00000000 00:00 0 
751ff8300000-751ff8301000 ---p 00000000 00:00 0 
751ff8400000-751ff8500000 rw-p 00000000 00:00 0 
751ff8500000-751ff8501000 ---p 00000000 00:00 0 
751ff8600000-751ff8700000 rw-p 00000000 00:00 0 
751ff8700000-751ff8701000 ---p 00000000 00:00 0 
751ff8800000-751ff8900000 rw-p 00000000 00:00 0 
751ff8900000-751ff8901000 ---p 00000000 00:00 0 
751ff8a00000-751ff8b00000 rw-p 00000000 00:00 0 
751ff8b00000-751ff8b01000 ---p 00000000 00:00 0 
751ff8c00000-751ff8d00000 rw-p 00000000 00:00 0 
751ff8d00000-751ff8d01000 ---p 00000000 00:00 0 
751ff8e00000-751ff8f00000 rw-p 00000000 00:00 0 
751ff8f00000-751ff8f01000 ---p 00000000 00:00 0 
751ff9000000-751ff9100000 rw-p 00000000 00:00 0 
751ff9100000-751ff9101000 ---p 00000000 00:00 0 
751ff9200000-751ff9300000 rw-p 00000000 00:00 0 
751ff9300000-751ff9301000 ---p 00000000 00:00 0 
751ff9400000-751ff9500000 rw-p 00000000 00:00 0 
751ff9500000-751ff9501000 ---p 00000000 00:00 0 
751ff9600000-751ff9700000 rw-p 00000000 00:00 0 
751ff9700000-751ff9701000 ---p 00000000 00:00 0 
751ff9800000-751ff9900000 rw-p 00000000 00:00 0 
751ff9900000-751ff9901000 ---p 00000000 00:00 0 
751ff9a00000-751ff9b00000 rw-p 00000000 00:00 0 
751ff9b00000-751ff9b01000 ---p 00000000 00:00 0 
751ff9c00000-751ff9d00000 rw-p 00000000 00:00 0 
751ff9d00000-751ff9d01000 ---p 00000000 00:00 0 
751ff9e00000-751ff9f00000 rw-p 00000000 00:00 0 
751ff9f00000-751ff9f01000 ---p 00000000 00:00 0 
751ffa000000-751ffa100000 rw-p 00000000 00:00 0 
751ffa100000-751ffa101000 ---p 00000000 00:00 0 
751ffa200000-751ffa300000 rw-p 00000000 00:00 0 
751ffa300000-751ffa301000 ---p 00000000 00:00 0 
751ffa400000-751ffa500000 rw-p 00000000 00:00 0 
751ffa500000-751ffa501000 ---p 00000000 00:00 0 
751ffa600000-751ffa700000 rw-p 00000000 00:00 0 
751ffa700000-751ffa701000 ---p 00000000 00:00 0 
751ffa800000-751ffa900000 rw-p 00000000 00:00 0 
751ffa900000-751ffa901000 ---p 00000000 00:00 0 
751ffaa00000-751ffab00000 rw-p 00000000 00:00 0 
751ffab00000-751ffab01000 ---p 00000000 00:00 0 
751ffac00000-751ffad00000 rw-p 00000000 00:00 0 
751ffad00000-751ffad01000 ---p 00000000 00:00 0 
751ffae00000-751ffaf00000 rw-p 00000000 00:00 0 
751ffaf00000-751ffaf01000 ---p 00000000 00:00 0 
751ffb000000-751ffb100000 rw-p 00000000 00:00 0 
751ffb100000-751ffb101000 ---p 00000000 00:00 0 
751ffb200000-751ffb300000 rw-p 00000000 00:00 0 
751ffb300000-751ffb301000 ---p 00000000 00:00 0 
751ffb400000-751ffb500000 rw-p 00000000 00:00 0 
751ffb500000-751ffb501000 ---p 00000000 00:00 0 
751ffb600000-751ffb700000 rw-p 00000000 00:00 0 
751ffb700000-751ffb701000 ---p 00000000 00:00 0 
751ffb800000-751ffb900000 rw-p 00000000 00:00 0 
751ffb900000-751ffb901000 ---p 00000000 00:00 0 
751ffba00000-751ffbb00000 rw-p 00000000 00:00 0 
751ffbb00000-751ffbb01000 ---p 00000000 00:00 0 
751ffbc00000-751ffbd00000 rw-p 00000000 00:00 0 
751ffbd00000-751ffbd01000 ---p 00000000 00:00 0 
751ffbe00000-751ffbf00000 rw-p 00000000 00:00 0 
751ffbf00000-751ffbf01000 ---p 00000000 00:00 0 
751ffc000000-751ffc100000 rw-p 00000000 00:00 0 
751ffc100000-751ffc101000 ---p 00000000 00:00 0 
751ffc200000-751ffc300000 rw-p 00000000 00:00 0 
751ffc300000-751ffc301000 ---p 00000000 00:00 0 
751ffc400000-751ffc500000 rw-p 00000000 00:00 0 
751ffc500000-751ffc501000 ---p 00000000 00:00 0 
751ffc600000-751ffc700000 rw-p 00000000 00:00 0 
751ffc700000-751ffc701000 ---p 00000000 00:00 0 
751ffc800000-751ffc900000 rw-p 00000000 00:00 0 
751ffc900000-751ffc901000 ---p 00000000 00:00 0 
751ffca00000-751ffcb00000 rw-p 00000000 00:00 0 
751ffcb00000-751ffcb01000 ---p 00000000 00:00 0 
751ffcc00000-751ffcd00000 rw-p 00000000 00:00 0 
751ffcd00000-751ffcd01000 ---p 00000000 00:00 0 
751ffce00000-751ffcf00000 rw-p 00000000 00:00 0 
751ffcf00000-751ffcf01000 ---p 00000000 00:00 0 
751ffd000000-751ffd100000 rw-p 00000000 00:00 0 
751ffd100000-751ffd101000 ---p 00000000 00:00 0 
751ffd200000-751ffd300000 rw-p 00000000 00:00 0 
751ffd300000-751ffd301000 ---p 00000000 00:00 0 
751ffd400000-751ffd500000 rw-p 00000000 00:00 0 
751ffd500000-751ffd501000 ---p 00000000 00:00 0 
751ffd600000-751ffd700000 rw-p 00000000 00:00 0 
751ffd700000-751ffd701000 ---p 00000000 00:00 0 
751ffd800000-751ffd900000 rw-p 00000000 00:00 0 
751ffd900000-751ffd901000 ---p 00000000 00:00 0 
751ffda00000-751ffdb00000 rw-p 00000000 00:00 0 
751ffdb00000-751ffdb01000 ---p 00000000 00:00 0 
751ffdc00000-751ffdd00000 rw-p 00000000 00:00 0 
751ffdd00000-751ffdd01000 ---p 00000000 00:00 0 
751ffde00000-751ffdf00000 rw-p 00000000 00:00 0 
751ffdf00000-751ffdf01000 ---p 00000000 00:00 0 
751ffe000000-751ffe100000 rw-p 00000000 00:00 0 
751ffe100000-751ffe101000 ---p 00000000 00:00 0 
751ffe200000-751ffe300000 rw-p 00000000 00:00 0 
751ffe300000-751ffe301000 ---p 00000000 00:00 0 
751ffe400000-751ffe500000 rw-p 00000000 00:00 0 
751ffe500000-751ffe501000 ---p 00000000 00:00 0 
751ffe600000-751ffe700000 rw-p 00000000 00:00 0 
751ffe700000-751ffe701000 ---p 00000000 00:00 0 
751ffe800000-751ffe900000 rw-p 00000000 00:00 0 
751ffe900000-751ffe901000 ---p 00000000 00:00 0 
751ffea00000-751ffeb00000 rw-p 00000000 00:00 0 
751ffeb00000-751ffeb01000 ---p 00000000 00:00 0 
751ffec00000-751ffed00000 rw-p 00000000 00:00 0 
751ffed00000-751ffed01000 ---p 00000000 00:00 0 
751ffee00000-751ffef00000 rw-p 00000000 00:00 0 
751ffef00000-751ffef01000 ---p 00000000 00:00 0 
751fff000000-751fff100000 rw-p 00000000 00:00 0 
751fff100000-751fff101000 ---p 00000000 00:00 0 
751fff200000-751fff300000 rw-p 00000000 00:00 0 
751fff300000-751fff301000 ---p 00000000 00:00 0 
751fff400000-751fff500000 rw-p 00000000 00:00 0 
751fff500000-751fff501000 ---p 00000000 00:00 0 
751fff600000-751fff700000 rw-p 00000000 00:00 0 
751fff700000-751fff701000 ---p 00000000 00:00 0 
751fff800000-751fff900000 rw-p 00000000 00:00 0 
751fff900000-751fff901000 ---p 00000000 00:00 0 
751fffa00000-751fffb00000 rw-p 00000000 00:00 0 
751fffb00000-751fffb01000 ---p 00000000 00:00 0 
751fffc00000-751fffd00000 rw-p 00000000 00:00 0 
751fffd00000-751fffd01000 ---p 00000000 00:00 0 
751fffe00000-751ffff00000 rw-p 00000000 00:00 0 
751ffff00000-751ffff01000 ---p 00000000 00:00 0 
752000000000-752000100000 rw-p 00000000 00:00 0 
752000100000-752000101000 ---p 00000000 00:00 0 
752000200000-752000300000 rw-p 00000000 00:00 0 
752000300000-752000301000 ---p 00000000 00:00 0 
752000400000-752000500000 rw-p 00000000 00:00 0 
752000500000-752000501000 ---p 00000000 00:00 0 
752000600000-752000700000 rw-p 00000000 00:00 0 
752000700000-752000701000 ---p 00000000 00:00 0 
752000800000-752000900000 rw-p 00000000 00:00 0 
752000900000-752000901000 ---p 00000000 00:00 0 
752000a00000-752000b00000 rw-p 00000000 00:00 0 
752000b00000-752000b01000 ---p 00000000 00:00 0 
752000c00000-752000d00000 rw-p 00000000 00:00 0 
752000d00000-752000d01000 ---p 00000000 00:00 0 
752000e00000-752000f00000 rw-p 00000000 00:00 0 
752000f00000-752000f01000 ---p 00000000 00:00 0 
752001000000-752001100000 rw-p 00000000 00:00 0 
752001100000-752001101000 ---p 00000000 00:00 0 
752001200000-752001300000 rw-p 00000000 00:00 0 
752001300000-752001301000 ---p 00000000 00:00 0 
752001400000-752001500000 rw-p 00000000 00:00 0 
752001500000-752001501000 ---p 00000000 00:00 0 
752001600000-752001700000 rw-p 00000000 00:00 0 
752001700000-752001701000 ---p 00000000 00:00 0 
752001800000-752001900000 rw-p 00000000 00:00 0 
752001900000-752001901000 ---p 00000000 00:00 0 
752001a00000-752001b00000 rw-p 00000000 00:00 0 
752001b00000-752001b01000 ---p 00000000 00:00 0 
752001c00000-752001d00000 rw-p 00000000 00:00 0 
752001d00000-752001d01000 ---p 00000000 00:00 0 
752001e00000-752001f00000 rw-p 00000000 00:00 0 
752001f00000-752001f01000 ---p 00000000 00:00 0 
752002000000-752002100000 rw-p 00000000 00:00 0 
752002100000-752002101000 ---p 00000000 00:00 0 
752002200000-752002300000 rw-p 00000000 00:00 0 
752002300000-752002301000 ---p 00000000 00:00 0 
752002400000-752002500000 rw-p 00000000 00:00 0 
752002500000-752002501000 ---p 00000000 00:00 0 
752002600000-752002700000 rw-p 00000000 00:00 0 
752002700000-752002701000 ---p 00000000 00:00 0 
752002800000-752002900000 rw-p 00000000 00:00 0 
752002900000-752002901000 ---p 00000000 00:00 0 
752002a00000-752002b00000 rw-p 00000000 00:00 0 
752002b00000-752002b01000 ---p 00000000 00:00 0 
752002c00000-752002d00000 rw-p 00000000 00:00 0 
752002d00000-752002d01000 ---p 00000000 00:00 0 
752002e00000-752002f00000 rw-p 00000000 00:00 0 
752002f00000-752002f01000 ---p 00000000 00:00 0 
752003000000-752003100000 rw-p 00000000 00:00 0 
752003100000-752003101000 ---p 00000000 00:00 0 
752003200000-752003300000 rw-p 00000000 00:00 0 
752003300000-752003301000 ---p 00000000 00:00 0 
752003400000-752003500000 rw-p 00000000 00:00 0 
752003500000-752003501000 ---p 00000000 00:00 0 
752003600000-752003700000 rw-p 00000000 00:00 0 
752003700000-752003701000 ---p 00000000 00:00 0 
752003800000-752003900000 rw-p 00000000 00:00 0 
752003900000-752003901000 ---p 00000000 00:00 0 
752003a00000-752003b00000 rw-p 00000000 00:00 0 
752003b00000-752003b01000 ---p 00000000 00:00 0 
752003c00000-752003d00000 rw-p 00000000 00:00 0 
752003d00000-752003d01000 ---p 00000000 00:00 0 
752003e00000-752003f00000 rw-p 00000000 00:00 0 
752003f00000-752003f01000 ---p 00000000 00:00 0 
752004000000-752004021000 rw-p 00000000 00:00 0 
752004021000-752008000000 ---p 00000000 00:00 0 
752008200000-752008300000 rw-p 00000000 00:00 0 
752008300000-752008301000 ---p 00000000 00:00 0 
752008400000-752008500000 rw-p 00000000 00:00 0 
752008500000-752008501000 ---p 00000000 00:00 0 
752008600000-752008700000 rw-p 00000000 00:00 0 
752008700000-752008701000 ---p 00000000 00:00 0 
752008800000-752008900000 rw-p 00000000 00:00 0 
752008900000-752008901000 ---p 00000000 00:00 0 
752008a00000-752008b00000 rw-p 00000000 00:00 0 
752008b00000-752008b01000 ---p 00000000 00:00 0 
752008c00000-752008d00000 rw-p 00000000 00:00 0 
752008d00000-752008d01000 ---p 00000000 00:00 0 
752008e00000-752008f00000 rw-p 00000000 00:00 0 
752008f00000-752008f01000 ---p 00000000 00:00 0 
752009000000-752009100000 rw-p 00000000 00:00 0 
752009100000-752009101000 ---p 00000000 00:00 0 
752009200000-752009300000 rw-p 00000000 00:00 0 
752009300000-752009301000 ---p 00000000 00:00 0 
752009400000-752009500000 rw-p 00000000 00:00 0 
752009500000-752009501000 ---p 00000000 00:00 0 
752009600000-752009700000 rw-p 00000000 00:00 0 
752009700000-752009701000 ---p 00000000 00:00 0 
752009800000-752009900000 rw-p 00000000 00:00 0 
752009900000-752009901000 ---p 00000000 00:00 0 
752009a00000-752009b00000 rw-p 00000000 00:00 0 
752009b00000-752009b01000 ---p 00000000 00:00 0 
752009c00000-752009d00000 rw-p 00000000 00:00 0 
752009d00000-752009d01000 ---p 00000000 00:00 0 
752009e00000-752009f00000 rw-p 00000000 00:00 0 
752009f00000-752009f01000 ---p 00000000 00:00 0 
75200a000000-75200a100000 rw-p 00000000 00:00 0 
75200a100000-75200a101000 ---p 00000000 00:00 0 
75200a200000-75200a300000 rw-p 00000000 00:00 0 
75200a300000-75200a301000 ---p 00000000 00:00 0 
75200a400000-75200a500000 rw-p 00000000 00:00 0 
75200a500000-75200a501000 ---p 00000000 00:00 0 
75200a600000-75200a700000 rw-p 00000000 00:00 0 
75200a700000-75200a701000 ---p 00000000 00:00 0 
75200a800000-75200a900000 rw-p 00000000 00:00 0 
75200a900000-75200a901000 ---p 00000000 00:00 0 
75200aa00000-75200ab00000 rw-p 00000000 00:00 0 
75200ab00000-75200ab01000 ---p 00000000 00:00 0 
75200ac00000-75200ad00000 rw-p 00000000 00:00 0 
75200ad00000-75200ad01000 ---p 00000000 00:00 0 
75200ae00000-75200af00000 rw-p 00000000 00:00 0 
75200af00000-75200af01000 ---p 00000000 00:00 0 
75200b000000-75200b100000 rw-p 00000000 00:00 0 
75200b100000-75200b101000 ---p 00000000 00:00 0 
75200b200000-75200b300000 rw-p 00000000 00:00 0 
75200b300000-75200b301000 ---p 00000000 00:00 0 
75200b400000-75200b500000 rw-p 00000000 00:00 0 
75200b500000-75200b501000 ---p 00000000 00:00 0 
75200b600000-75200b700000 rw-p 00000000 00:00 0 
75200b700000-75200b701000 ---p 00000000 00:00 0 
75200b800000-75200b900000 rw-p 00000000 00:00 0 
75200b900000-75200b901000 ---p 00000000 00:00 0 
75200ba00000-75200bb00000 rw-p 00000000 00:00 0 
75200bb00000-75200bb01000 ---p 00000000 00:00 0 
75200bc00000-75200bd00000 rw-p 00000000 00:00 0 
75200bd00000-75200bd01000 ---p 00000000 00:00 0 
75200be00000-75200bf00000 rw-p 00000000 00:00 0 
75200bf00000-75200bf01000 ---p 00000000 00:00 0 
75200c000000-75200c021000 rw-p 00000000 00:00 0 
75200c021000-752010000000 ---p 00000000 00:00 0 
752010000000-752010021000 rw-p 00000000 00:00 0 
752010021000-752014000000 ---p 00000000 00:00 0 
752014000000-752014021000 rw-p 00000000 00:00 0 
752014021000-752018000000 ---p 00000000 00:00 0 
752018000000-752018021000 rw-p 00000000 00:00 0 
752018021000-75201c000000 ---p 00000000 00:00 0 
75201c000000-75201c021000 rw-p 00000000 00:00 0 
75201c021000-752020000000 ---p 00000000 00:00 0 
752020000000-752020021000 rw-p 00000000 00:00 0 
752020021000-752024000000 ---p 00000000 00:00 0 
752024000000-752024021000 rw-p 00000000 00:00 0 
752024021000-752028000000 ---p 00000000 00:00 0 
752028000000-752028021000 rw-p 00000000 00:00 0 
752028021000-75202c000000 ---p 00000000 00:00 0 
75202c000000-75202c021000 rw-p 00000000 00:00 0 
75202c021000-752030000000 ---p 00000000 00:00 0 
752030000000-752030021000 rw-p 00000000 00:00 0 
752030021000-752034000000 ---p 00000000 00:00 0 
752034000000-7520354af000 rw-p 00000000 00:00 0 
7520354af000-752038000000 ---p 00000000 00:00 0 
752038000000-752038021000 rw-p 00000000 00:00 0 
752038021000-75203c000000 ---p 00000000 00:00 0 
75203c000000-75203e26f000 rw-p 00000000 00:00 0 
75203e26f000-752040000000 ---p 00000000 00:00 0 
752040000000-75207ffff000 rwxp 00000000 00:00 0 
75207ffff000-752080000000 ---p 00000000 00:00 0 
752080000000-752080021000 rw-p 00000000 00:00 0 
752080021000-752084000000 ---p 00000000 00:00 0 
752084200000-752084300000 rw-p 00000000 00:00 0 
752084300000-752084301000 ---p 00000000 00:00 0 
752084400000-752084500000 rw-p 00000000 00:00 0 
752084500000-752084501000 ---p 00000000 00:00 0 
752084600000-752084700000 rw-p 00000000 00:00 0 
752084700000-752084701000 ---p 00000000 00:00 0 
752084800000-752084900000 rw-p 00000000 00:00 0 
752084900000-752084901000 ---p 00000000 00:00 0 
752084a00000-752084b00000 rw-p 00000000 00:00 0 
752084b00000-752084b01000 ---p 00000000 00:00 0 
752084c00000-752084c43000 rw-p 00000000 00:00 0 
752084c43000-752084c44000 ---p 00000000 00:00 0 
752084e00000-752084e02000 rw-p 00000000 00:00 0 
752084e02000-752084e03000 ---p 00000000 00:00 0 
752084fa6000-752085401000 rw-p 00000000 00:00 0 
752085401000-752085402000 ---p 00000000 00:00 0 
752085600000-752085601000 rw-p 00000000 00:00 0 
752085601000-752085602000 ---p 00000000 00:00 0 
752085800000-75208581a000 rw-p 00000000 00:00 0 
75208581a000-75208581b000 ---p 00000000 00:00 0 
752085a00000-752085a03000 rw-p 00000000 00:00 0 
752085a03000-752085a04000 ---p 00000000 00:00 0 
752085c00000-752085c1e000 rw-p 00000000 00:00 0 
752085c1e000-752085c1f000 ---p 00000000 00:00 0 
752085e00000-752085e01000 rw-p 00000000 00:00 0 
752085e01000-752085e02000 ---p 00000000 00:00 0 
752086000000-752086040000 rw-p 00000000 00:00 0 
752086040000-752086041000 ---p 00000000 00:00 0 
752086200000-752086201000 rw-p 00000000 00:00 0 
752086201000-752086202000 ---p 00000000 00:00 0 
752086400000-752086440000 rw-p 00000000 00:00 0 
752086440000-752086441000 ---p 00000000 00:00 0 
752086600000-752086621000 rw-p 00000000 00:00 0 
752086621000-752086622000 ---p 00000000 00:00 0 
752086800000-752086b8b000 r-xp 00000000 103:02 21518320                  /home/nestor/.cache/JNA/temp/jna16223253724950570430.tmp
752086b8b000-752086d8a000 ---p 0038b000 103:02 21518320                  /home/nestor/.cache/JNA/temp/jna16223253724950570430.tmp
752086d8a000-752086ded000 r--p 0038a000 103:02 21518320                  /home/nestor/.cache/JNA/temp/jna16223253724950570430.tmp
752086ded000-752086df1000 rw-p 003ed000 103:02 21518320                  /home/nestor/.cache/JNA/temp/jna16223253724950570430.tmp
752086df1000-752086df9000 rw-p 00000000 00:00 0 
752086e00000-752086e01000 rw-p 00000000 00:00 0 
752086e01000-752086e02000 ---p 00000000 00:00 0 
752087000000-752087002000 rw-p 00000000 00:00 0 
752087002000-752087003000 ---p 00000000 00:00 0 
752087200000-75208721f000 rw-p 00000000 00:00 0 
75208721f000-752087220000 ---p 00000000 00:00 0 
752087400000-752087411000 rw-p 00000000 00:00 0 
752087411000-752087412000 ---p 00000000 00:00 0 
752087600000-752087673000 rw-p 00000000 00:00 0 
752087673000-752087674000 ---p 00000000 00:00 0 
752087800000-752087802000 rw-p 00000000 00:00 0 
752087802000-752087803000 ---p 00000000 00:00 0 
752087a00000-752087a02000 rw-p 00000000 00:00 0 
752087a02000-752087a03000 ---p 00000000 00:00 0 
752087c00000-752087c01000 rw-p 00000000 00:00 0 
752087c01000-752087c02000 ---p 00000000 00:00 0 
752087e00000-752087e06000 rw-p 00000000 00:00 0 
752087e06000-752087e07000 ---p 00000000 00:00 0 
752088000000-752088021000 rw-p 00000000 00:00 0 
752088021000-75208c000000 ---p 00000000 00:00 0 
75208c000000-75208c021000 rw-p 00000000 00:00 0 
75208c021000-752090000000 ---p 00000000 00:00 0 
752090000000-7520905ed000 rw-p 00000000 00:00 0 
7520905ed000-752094000000 ---p 00000000 00:00 0 
752094000000-752094021000 rw-p 00000000 00:00 0 
752094021000-752098000000 ---p 00000000 00:00 0 
752098000000-752098021000 rw-p 00000000 00:00 0 
752098021000-75209c000000 ---p 00000000 00:00 0 
75209c000000-75209e01e000 rw-p 00000000 00:00 0 
75209e01e000-7520a0000000 ---p 00000000 00:00 0 
7520a0000000-7520a0021000 rw-p 00000000 00:00 0 
7520a0021000-7520a4000000 ---p 00000000 00:00 0 
7520a4000000-7520a4021000 rw-p 00000000 00:00 0 
7520a4021000-7520a8000000 ---p 00000000 00:00 0 
7520a8000000-7520a8021000 rw-p 00000000 00:00 0 
7520a8021000-7520ac000000 ---p 00000000 00:00 0 
7520ac000000-7520ac021000 rw-p 00000000 00:00 0 
7520ac021000-7520b0000000 ---p 00000000 00:00 0 
7520b0000000-7520b0021000 rw-p 00000000 00:00 0 
7520b0021000-7520b4000000 ---p 00000000 00:00 0 
7520b40ff000-7520b4200000 rw-p 00000000 00:00 0 
7520b4200000-7520b4288000 rw-p 00000000 00:00 0 
7520b4288000-7520b4289000 ---p 00000000 00:00 0 
7520b42ff000-7520b4400000 rw-p 00000000 00:00 0 
7520b4400000-7520b4402000 rw-p 00000000 00:00 0 
7520b4402000-7520b4403000 ---p 00000000 00:00 0 
7520b44ff000-7520b4600000 rw-p 00000000 00:00 0 
7520b4600000-7520b4608000 rw-p 00000000 00:00 0 
7520b4608000-7520b4609000 ---p 00000000 00:00 0 
7520b46ff000-7520b4800000 rw-p 00000000 00:00 0 
7520b48ff000-7520b4a00000 rw-p 00000000 00:00 0 
7520b4a00000-7520b4a18000 rw-p 00000000 00:00 0 
7520b4a18000-7520b4a19000 ---p 00000000 00:00 0 
7520b4aff000-7520b4c00000 rw-p 00000000 00:00 0 
7520b4cff000-7520b4e00000 rw-p 00000000 00:00 0 
7520b4e00000-7520b4e01000 rw-p 00000000 00:00 0 
7520b4e01000-7520b4e02000 ---p 00000000 00:00 0 
7520b4eff000-7520b5000000 rw-p 00000000 00:00 0 
7520b5000000-7520b5001000 rw-p 00000000 00:00 0 
7520b5001000-7520b5002000 ---p 00000000 00:00 0 
7520b50ff000-7520b5200000 rw-p 00000000 00:00 0 
7520b5200000-7520b5210000 rw-p 00000000 00:00 0 
7520b5210000-7520b5211000 ---p 00000000 00:00 0 
7520b52ff000-7520b5400000 rw-p 00000000 00:00 0 
7520b5400000-7520b541e000 r-xp 00000000 103:02 21518319                  /home/nestor/.cache/JNA/temp/jna4851994028419399028.tmp (deleted)
7520b541e000-7520b561d000 ---p 0001e000 103:02 21518319                  /home/nestor/.cache/JNA/temp/jna4851994028419399028.tmp (deleted)
7520b561d000-7520b561e000 rw-p 0001d000 103:02 21518319                  /home/nestor/.cache/JNA/temp/jna4851994028419399028.tmp (deleted)
7520b561e000-7520b561f000 rw-p 00000000 00:00 0 
7520b56ff000-7520b5800000 rw-p 00000000 00:00 0 
7520b5800000-7520b5d00000 rw-p 00000000 00:00 0 
7520b5d00000-7520b5d01000 ---p 00000000 00:00 0 
7520b5e00000-7520b5e10000 rw-p 00000000 00:00 0 
7520b5e10000-7520b5e11000 ---p 00000000 00:00 0 
7520b5f00000-7520b5f04000 ---p 00000000 00:00 0 
7520b5f04000-7520b6000000 rw-p 00000000 00:00 0 
7520b6000000-7520b6306000 r-xp 00000000 00:26 2564                       /tmp/nativelib-loader_2701958611000742534/libunicorn.so
7520b6306000-7520b6505000 ---p 00306000 00:26 2564                       /tmp/nativelib-loader_2701958611000742534/libunicorn.so
7520b6505000-7520b654a000 r--p 00305000 00:26 2564                       /tmp/nativelib-loader_2701958611000742534/libunicorn.so
7520b654a000-7520b654e000 rw-p 0034a000 00:26 2564                       /tmp/nativelib-loader_2701958611000742534/libunicorn.so
7520b6594000-7520b6598000 ---p 00000000 00:00 0 
7520b6598000-7520b6694000 rw-p 00000000 00:00 0 
7520b6694000-7520b66ff000 r--s 00000000 00:26 336                        /tmp/apkx/assets/ijm_lib/armeabi/libexec.so
7520b66ff000-7520b6703000 ---p 00000000 00:00 0 
7520b6703000-7520b6900000 rw-p 00000000 00:00 0 
7520b6900000-7520b6904000 ---p 00000000 00:00 0 
7520b6904000-7520b6a00000 rw-p 00000000 00:00 0 
7520b6a00000-7520b6f77000 r--p 00000000 103:02 22545257                  /usr/lib/locale/locale-archive
7520b7000000-7520b7310000 rw-p 00000000 00:00 0 
7520b7310000-7520b7400000 ---p 00000000 00:00 0 
7520b7400000-7520b7740000 rw-p 00000000 00:00 0 
7520b7740000-7520bb000000 ---p 00000000 00:00 0 
7520bb000000-7520bbbc7000 rw-p 00001000 103:02 23605002                  /usr/lib/jvm/java-17-openjdk-amd64/lib/server/classes.jsa
7520bbbc7000-7520bc000000 ---p 00000000 00:00 0 
7520bc000000-7520bc040000 rw-p 00000000 00:00 0 
7520bc040000-7520bc0d0000 rw-p 00000000 00:00 0 
7520bc0d0000-7520bc100000 ---p 00000000 00:00 0 
7520bc100000-7520bc120000 rw-p 00000000 00:00 0 
7520bc120000-7520fc000000 ---p 00000000 00:00 0 
7520fc000000-7520fc021000 rw-p 00000000 00:00 0 
7520fc021000-752100000000 ---p 00000000 00:00 0 
752100000000-752100021000 rw-p 00000000 00:00 0 
752100021000-752104000000 ---p 00000000 00:00 0 
752104000000-752104021000 rw-p 00000000 00:00 0 
752104021000-752108000000 ---p 00000000 00:00 0 
752108000000-752108021000 rw-p 00000000 00:00 0 
752108021000-75210c000000 ---p 00000000 00:00 0 
75210c000000-75210c021000 rw-p 00000000 00:00 0 
75210c021000-752110000000 ---p 00000000 00:00 0 
752110018000-752110049000 rw-p 00000000 00:00 0 
752110049000-75211004d000 ---p 00000000 00:00 0 
75211004d000-752110149000 rw-p 00000000 00:00 0 
752110149000-75211014d000 ---p 00000000 00:00 0 
75211014d000-752110249000 rw-p 00000000 00:00 0 
752110249000-75211024d000 ---p 00000000 00:00 0 
75211024d000-752110349000 rw-p 00000000 00:00 0 
752110349000-75211034d000 ---p 00000000 00:00 0 
75211034d000-752110449000 rw-p 00000000 00:00 0 
752110449000-75211044d000 ---p 00000000 00:00 0 
75211044d000-752110549000 rw-p 00000000 00:00 0 
752110549000-75211054d000 ---p 00000000 00:00 0 
75211054d000-752110649000 rw-p 00000000 00:00 0 
752110649000-75211064d000 ---p 00000000 00:00 0 
75211064d000-752110749000 rw-p 00000000 00:00 0 
752110749000-75211074d000 ---p 00000000 00:00 0 
75211074d000-75211094a000 rw-p 00000000 00:00 0 
75211094a000-75211094f000 r--p 00000000 103:02 23604984                  /usr/lib/jvm/java-17-openjdk-amd64/lib/libjsvml.so
75211094f000-752110990000 r-xp 00005000 103:02 23604984                  /usr/lib/jvm/java-17-openjdk-amd64/lib/libjsvml.so
752110990000-752110a19000 r--p 00046000 103:02 23604984                  /usr/lib/jvm/java-17-openjdk-amd64/lib/libjsvml.so
752110a19000-752110a1a000 r--p 000ce000 103:02 23604984                  /usr/lib/jvm/java-17-openjdk-amd64/lib/libjsvml.so
752110a1a000-752110a1b000 rw-p 000cf000 103:02 23604984                  /usr/lib/jvm/java-17-openjdk-amd64/lib/libjsvml.so
752110a1b000-752110af7000 rw-p 00000000 00:00 0 
752110af7000-752110cf9000 rw-p 00000000 00:00 0 
752110cf9000-752113ba8000 rw-p 00000000 00:00 0 
752113ba8000-7521163f0000 ---p 00000000 00:00 0 
7521163f0000-752116ba8000 rw-p 00000000 00:00 0 
752116ba8000-7521193f0000 ---p 00000000 00:00 0 
7521193f0000-752119400000 rw-p 00000000 00:00 0 
752119400000-752119690000 rwxp 00000000 00:00 0 
752119690000-752120937000 ---p 00000000 00:00 0 
752120937000-752120ba7000 rwxp 00000000 00:00 0 
752120ba7000-752120ec9000 ---p 00000000 00:00 0 
752120ec9000-752121139000 rwxp 00000000 00:00 0 
752121139000-752128400000 ---p 00000000 00:00 0 
752128400000-75212feea000 r--s 00000000 103:02 23604999                  /usr/lib/jvm/java-17-openjdk-amd64/lib/modules
75212feff000-752131eab000 rw-p 00000000 00:00 0 
752131eab000-752134000000 ---p 00000000 00:00 0 
752134003000-752134007000 ---p 00000000 00:00 0 
752134007000-752134025000 rw-p 00000000 00:00 0 
752134025000-752134299000 rw-p 00000000 00:00 0 
752134299000-75213459c000 rw-p 00000000 00:00 0 
75213459c000-7521346f5000 rw-p 00000000 00:00 0 
7521346f5000-752134bfe000 ---p 00000000 00:00 0 
752134bfe000-752134cf5000 rw-p 00000000 00:00 0 
752134cf5000-7521351fe000 ---p 00000000 00:00 0 
7521351fe000-7521352f5000 rw-p 00000000 00:00 0 
7521352f5000-7521357fe000 ---p 00000000 00:00 0 
7521357fe000-752135800000 rw-p 00000000 00:00 0 
75213580e000-752135815000 r--s 00000000 103:02 22547533                  /usr/lib/x86_64-linux-gnu/gconv/gconv-modules.cache
752135815000-752135817000 r--p 00000000 103:02 23604998                  /usr/lib/jvm/java-17-openjdk-amd64/lib/libzip.so
752135817000-75213581c000 r-xp 00002000 103:02 23604998                  /usr/lib/jvm/java-17-openjdk-amd64/lib/libzip.so
75213581c000-75213581e000 r--p 00007000 103:02 23604998                  /usr/lib/jvm/java-17-openjdk-amd64/lib/libzip.so
75213581e000-75213581f000 r--p 00008000 103:02 23604998                  /usr/lib/jvm/java-17-openjdk-amd64/lib/libzip.so
75213581f000-752135820000 rw-p 00009000 103:02 23604998                  /usr/lib/jvm/java-17-openjdk-amd64/lib/libzip.so
752135820000-75213622f000 rw-p 00000000 00:00 0 
75213622f000-752136315000 ---p 00000000 00:00 0 
752136315000-75213631b000 rw-p 00000000 00:00 0 
75213631b000-752136400000 ---p 00000000 00:00 0 
752136400000-7521364a3000 r--p 00000000 103:02 22575671                  /usr/lib/x86_64-linux-gnu/libstdc++.so.6.0.35
7521364a3000-7521365fe000 r-xp 000a3000 103:02 22575671                  /usr/lib/x86_64-linux-gnu/libstdc++.so.6.0.35
7521365fe000-75213668a000 r--p 001fe000 103:02 22575671                  /usr/lib/x86_64-linux-gnu/libstdc++.so.6.0.35
75213668a000-752136699000 r--p 0028a000 103:02 22575671                  /usr/lib/x86_64-linux-gnu/libstdc++.so.6.0.35
752136699000-75213669c000 rw-p 00299000 103:02 22575671                  /usr/lib/x86_64-linux-gnu/libstdc++.so.6.0.35
75213669c000-7521366a0000 rw-p 00000000 00:00 0 
7521366a1000-7521366a3000 r--p 00000000 103:02 23604988                  /usr/lib/jvm/java-17-openjdk-amd64/lib/libmanagement_ext.so
7521366a3000-7521366a6000 r-xp 00002000 103:02 23604988                  /usr/lib/jvm/java-17-openjdk-amd64/lib/libmanagement_ext.so
7521366a6000-7521366a8000 r--p 00005000 103:02 23604988                  /usr/lib/jvm/java-17-openjdk-amd64/lib/libmanagement_ext.so
7521366a8000-7521366a9000 r--p 00006000 103:02 23604988                  /usr/lib/jvm/java-17-openjdk-amd64/lib/libmanagement_ext.so
7521366a9000-7521366aa000 rw-p 00007000 103:02 23604988                  /usr/lib/jvm/java-17-openjdk-amd64/lib/libmanagement_ext.so
7521366aa000-7521366ae000 r--p 00000000 103:02 23604990                  /usr/lib/jvm/java-17-openjdk-amd64/lib/libnet.so
7521366ae000-7521366bc000 r-xp 00004000 103:02 23604990                  /usr/lib/jvm/java-17-openjdk-amd64/lib/libnet.so
7521366bc000-7521366c0000 r--p 00012000 103:02 23604990                  /usr/lib/jvm/java-17-openjdk-amd64/lib/libnet.so
7521366c0000-7521366c1000 r--p 00015000 103:02 23604990                  /usr/lib/jvm/java-17-openjdk-amd64/lib/libnet.so
7521366c1000-7521366c2000 rw-p 00016000 103:02 23604990                  /usr/lib/jvm/java-17-openjdk-amd64/lib/libnet.so
7521366c2000-7521366c9000 r--p 00000000 103:02 23604991                  /usr/lib/jvm/java-17-openjdk-amd64/lib/libnio.so
7521366c9000-7521366d2000 r-xp 00007000 103:02 23604991                  /usr/lib/jvm/java-17-openjdk-amd64/lib/libnio.so
7521366d2000-7521366d6000 r--p 00010000 103:02 23604991                  /usr/lib/jvm/java-17-openjdk-amd64/lib/libnio.so
7521366d6000-7521366d7000 r--p 00014000 103:02 23604991                  /usr/lib/jvm/java-17-openjdk-amd64/lib/libnio.so
7521366d7000-7521366d8000 rw-p 00015000 103:02 23604991                  /usr/lib/jvm/java-17-openjdk-amd64/lib/libnio.so
7521366d8000-7521366e4000 r--p 00000000 103:02 23604977                  /usr/lib/jvm/java-17-openjdk-amd64/lib/libjava.so
7521366e4000-7521366f7000 r-xp 0000c000 103:02 23604977                  /usr/lib/jvm/java-17-openjdk-amd64/lib/libjava.so
7521366f7000-7521366fd000 r--p 0001f000 103:02 23604977                  /usr/lib/jvm/java-17-openjdk-amd64/lib/libjava.so
7521366fd000-7521366fe000 r--p 00024000 103:02 23604977                  /usr/lib/jvm/java-17-openjdk-amd64/lib/libjava.so
7521366fe000-7521366ff000 rw-p 00025000 103:02 23604977                  /usr/lib/jvm/java-17-openjdk-amd64/lib/libjava.so
7521366ff000-752136700000 rw-p 00000000 00:00 0 
752136700000-752136704000 ---p 00000000 00:00 0 
752136704000-752136800000 rw-p 00000000 00:00 0 
752136800000-752136a55000 r--p 00000000 103:02 23605005                  /usr/lib/jvm/java-17-openjdk-amd64/lib/server/libjvm.so
752136a55000-752137828000 r-xp 00255000 103:02 23605005                  /usr/lib/jvm/java-17-openjdk-amd64/lib/server/libjvm.so
752137828000-752137aa4000 r--p 01028000 103:02 23605005                  /usr/lib/jvm/java-17-openjdk-amd64/lib/server/libjvm.so
752137aa4000-752137b5d000 r--p 012a4000 103:02 23605005                  /usr/lib/jvm/java-17-openjdk-amd64/lib/server/libjvm.so
752137b5d000-752137b92000 rw-p 0135d000 103:02 23605005                  /usr/lib/jvm/java-17-openjdk-amd64/lib/server/libjvm.so
752137b92000-752137bed000 rw-p 00000000 00:00 0 
752137bee000-752137bf0000 r--p 00000000 103:02 23604986                  /usr/lib/jvm/java-17-openjdk-amd64/lib/libmanagement.so
752137bf0000-752137bf1000 r-xp 00002000 103:02 23604986                  /usr/lib/jvm/java-17-openjdk-amd64/lib/libmanagement.so
752137bf1000-752137bf2000 r--p 00003000 103:02 23604986                  /usr/lib/jvm/java-17-openjdk-amd64/lib/libmanagement.so
752137bf2000-752137bf3000 r--p 00003000 103:02 23604986                  /usr/lib/jvm/java-17-openjdk-amd64/lib/libmanagement.so
752137bf3000-752137bf4000 rw-p 00004000 103:02 23604986                  /usr/lib/jvm/java-17-openjdk-amd64/lib/libmanagement.so
752137bf4000-752137bf9000 rw-p 00000000 00:00 0 
752137bf9000-752137c00000 ---p 00000000 00:00 0 
752137c00000-752137c28000 r--p 00000000 103:02 22547537                  /usr/lib/x86_64-linux-gnu/libc.so.6
752137c28000-752137dc0000 r-xp 00028000 103:02 22547537                  /usr/lib/x86_64-linux-gnu/libc.so.6
752137dc0000-752137e0e000 r--p 001c0000 103:02 22547537                  /usr/lib/x86_64-linux-gnu/libc.so.6
752137e0e000-752137e12000 r--p 0020d000 103:02 22547537                  /usr/lib/x86_64-linux-gnu/libc.so.6
752137e12000-752137e14000 rw-p 00211000 103:02 22547537                  /usr/lib/x86_64-linux-gnu/libc.so.6
752137e14000-752137e22000 rw-p 00000000 00:00 0 
752137e22000-752137e23000 r-xp 00000000 00:26 2565                       /tmp/yzYKXg (deleted)
752137e23000-752137e25000 rw-p 00000000 00:00 0 
752137e25000-752137e26000 r--p 00000000 103:02 22547551                  /usr/lib/x86_64-linux-gnu/librt.so.1
752137e26000-752137e27000 r-xp 00001000 103:02 22547551                  /usr/lib/x86_64-linux-gnu/librt.so.1
752137e27000-752137e28000 r--p 00002000 103:02 22547551                  /usr/lib/x86_64-linux-gnu/librt.so.1
752137e28000-752137e29000 r--p 00002000 103:02 22547551                  /usr/lib/x86_64-linux-gnu/librt.so.1
752137e29000-752137e2a000 rw-p 00003000 103:02 22547551                  /usr/lib/x86_64-linux-gnu/librt.so.1
752137e2a000-752137e2e000 r--p 00000000 103:02 22575255                  /usr/lib/x86_64-linux-gnu/libgcc_s.so.1
752137e2e000-752137e52000 r-xp 00004000 103:02 22575255                  /usr/lib/x86_64-linux-gnu/libgcc_s.so.1
752137e52000-752137e56000 r--p 00028000 103:02 22575255                  /usr/lib/x86_64-linux-gnu/libgcc_s.so.1
752137e56000-752137e57000 r--p 0002c000 103:02 22575255                  /usr/lib/x86_64-linux-gnu/libgcc_s.so.1
752137e57000-752137e58000 rw-p 0002d000 103:02 22575255                  /usr/lib/x86_64-linux-gnu/libgcc_s.so.1
752137e58000-752137e6a000 r--p 00000000 103:02 22547540                  /usr/lib/x86_64-linux-gnu/libm.so.6
752137e6a000-752137f0a000 r-xp 00012000 103:02 22547540                  /usr/lib/x86_64-linux-gnu/libm.so.6
752137f0a000-752137f7c000 r--p 000b2000 103:02 22547540                  /usr/lib/x86_64-linux-gnu/libm.so.6
752137f7c000-752137f7d000 r--p 00123000 103:02 22547540                  /usr/lib/x86_64-linux-gnu/libm.so.6
752137f7d000-752137f7e000 rw-p 00124000 103:02 22547540                  /usr/lib/x86_64-linux-gnu/libm.so.6
752137f7e000-752137f80000 rw-p 00000000 00:00 0 
752137f80000-752137f82000 r--p 00000000 103:02 23604981                  /usr/lib/jvm/java-17-openjdk-amd64/lib/libjli.so
752137f82000-752137f8c000 r-xp 00002000 103:02 23604981                  /usr/lib/jvm/java-17-openjdk-amd64/lib/libjli.so
752137f8c000-752137f8f000 r--p 0000c000 103:02 23604981                  /usr/lib/jvm/java-17-openjdk-amd64/lib/libjli.so
752137f8f000-752137f90000 r--p 0000f000 103:02 23604981                  /usr/lib/jvm/java-17-openjdk-amd64/lib/libjli.so
752137f90000-752137f91000 rw-p 00010000 103:02 23604981                  /usr/lib/jvm/java-17-openjdk-amd64/lib/libjli.so
752137f91000-752137f94000 r--p 00000000 103:02 22575806                  /usr/lib/x86_64-linux-gnu/libz.so.1.3.1
752137f94000-752137fa7000 r-xp 00003000 103:02 22575806                  /usr/lib/x86_64-linux-gnu/libz.so.1.3.1
752137fa7000-752137fad000 r--p 00016000 103:02 22575806                  /usr/lib/x86_64-linux-gnu/libz.so.1.3.1
752137fad000-752137fae000 r--p 0001c000 103:02 22575806                  /usr/lib/x86_64-linux-gnu/libz.so.1.3.1
752137fae000-752137faf000 rw-p 0001d000 103:02 22575806                  /usr/lib/x86_64-linux-gnu/libz.so.1.3.1
752137faf000-752137fb0000 rw-p 00000000 00:00 0 
752137fb0000-752137fb8000 rw-s 00000000 00:26 2561                       /tmp/hsperfdata_nestor/63242
752137fb8000-752137fb9000 ---p 00000000 00:00 0 
752137fb9000-752137fba000 r--p 00000000 00:00 0 
752137fba000-752137fbb000 ---p 00000000 00:00 0 
752137fbb000-752137fbd000 r--p 00000000 103:02 23604980                  /usr/lib/jvm/java-17-openjdk-amd64/lib/libjimage.so
752137fbd000-752137fc0000 r-xp 00002000 103:02 23604980                  /usr/lib/jvm/java-17-openjdk-amd64/lib/libjimage.so
752137fc0000-752137fc1000 r--p 00005000 103:02 23604980                  /usr/lib/jvm/java-17-openjdk-amd64/lib/libjimage.so
752137fc1000-752137fc2000 r--p 00006000 103:02 23604980                  /usr/lib/jvm/java-17-openjdk-amd64/lib/libjimage.so
752137fc2000-752137fc3000 rw-p 00007000 103:02 23604980                  /usr/lib/jvm/java-17-openjdk-amd64/lib/libjimage.so
752137fc3000-752137fc5000 rw-p 00000000 00:00 0 
752137fc5000-752137fc9000 r--p 00000000 00:00 0                          [vvar]
752137fc9000-752137fcb000 r--p 00000000 00:00 0                          [vvar_vclock]
752137fcb000-752137fcd000 r-xp 00000000 00:00 0                          [vdso]
752137fcd000-752137fce000 r--p 00000000 103:02 22547534                  /usr/lib/x86_64-linux-gnu/ld-linux-x86-64.so.2
752137fce000-752137ffd000 r-xp 00001000 103:02 22547534                  /usr/lib/x86_64-linux-gnu/ld-linux-x86-64.so.2
752137ffd000-752138008000 r--p 00030000 103:02 22547534                  /usr/lib/x86_64-linux-gnu/ld-linux-x86-64.so.2
752138008000-75213800a000 r--p 0003b000 103:02 22547534                  /usr/lib/x86_64-linux-gnu/ld-linux-x86-64.so.2
75213800a000-75213800b000 rw-p 0003d000 103:02 22547534                  /usr/lib/x86_64-linux-gnu/ld-linux-x86-64.so.2
75213800b000-75213800c000 rw-p 00000000 00:00 0 
7fff642a9000-7fff642ca000 rw-p 00000000 00:00 0                          [stack]
ffffffffff600000-ffffffffff601000 --xp 00000000 00:00 0                  [vsyscall]


VM Arguments:
jvm_args: -Xmx3g -Djava.library.path=~/xtv-ghidra/nativelib 
java_command: com.xtv.Unpack
java_class_path (initial): target/classes:/home/nestor/.m2/repository/com/github/zhkl0228/unidbg-android/0.9.10-SNAPSHOT/unidbg-android-0.9.10-SNAPSHOT.jar:/home/nestor/.m2/repository/com/github/zhkl0228/unidbg-api/0.9.10-SNAPSHOT/unidbg-api-0.9.10-SNAPSHOT.jar:/home/nestor/.m2/repository/com/github/zhkl0228/unicorn/1.0.15/unicorn-1.0.15.jar:/home/nestor/.m2/repository/org/scijava/native-lib-loader/2.3.5/native-lib-loader-2.3.5.jar:/home/nestor/.m2/repository/com/github/zhkl0228/capstone/3.1.8/capstone-3.1.8.jar:/home/nestor/.m2/repository/net/java/dev/jna/jna/5.10.0/jna-5.10.0.jar:/home/nestor/.m2/repository/com/github/zhkl0228/keystone/0.9.7/keystone-0.9.7.jar:/home/nestor/.m2/repository/commons-codec/commons-codec/1.21.0/commons-codec-1.21.0.jar:/home/nestor/.m2/repository/org/apache/commons/commons-collections4/4.5.0/commons-collections4-4.5.0.jar:/home/nestor/.m2/repository/commons-io/commons-io/2.21.0/commons-io-2.21.0.jar:/home/nestor/.m2/repository/com/alibaba/fastjson/1.2.83/fastjson-1.2.83.jar:/home/nestor/.m2/repository/com/github/zhkl0228/demumble/1.0.4/demumble-1.0.4.jar:/home/nestor/.m2/repository/net/dongliu/apk-parser/2.6.10/apk-parser-2.6.10.jar:/home/nestor/.m2/repository/org/slf4j/slf4j-api/2.0.16/slf4j-api-2.0.16.jar:/home/nestor/.m2/repository/com/github/zhkl0228/unidbg-unicorn2/0.9.10-SNAPSHOT/unidbg-unicorn2-0.9.10-SNAPSHOT.jar:/home/nestor/.m2/repository/org/slf4j/slf4j-simple/2.0.16/slf4j-simple-2.0.16.jar
Launcher Type: SUN_STANDARD

[Global flags]
     intx CICompilerCount                          = 4                                         {product} {ergonomic}
     uint ConcGCThreads                            = 3                                         {product} {ergonomic}
     uint G1ConcRefinementThreads                  = 10                                        {product} {ergonomic}
   size_t G1HeapRegionSize                         = 2097152                                   {product} {ergonomic}
    uintx GCDrainStackTargetSize                   = 64                                        {product} {ergonomic}
   size_t InitialHeapSize                          = 513802240                                 {product} {ergonomic}
   size_t MarkStackSize                            = 4194304                                   {product} {ergonomic}
   size_t MaxHeapSize                              = 3221225472                                {product} {command line}
   size_t MaxNewSize                               = 1931476992                                {product} {ergonomic}
   size_t MinHeapDeltaBytes                        = 2097152                                   {product} {ergonomic}
   size_t MinHeapSize                              = 8388608                                   {product} {ergonomic}
    uintx NonNMethodCodeHeapSize                   = 5839372                                {pd product} {ergonomic}
    uintx NonProfiledCodeHeapSize                  = 122909434                              {pd product} {ergonomic}
    uintx ProfiledCodeHeapSize                     = 122909434                              {pd product} {ergonomic}
    uintx ReservedCodeCacheSize                    = 251658240                              {pd product} {ergonomic}
     bool SegmentedCodeCache                       = true                                      {product} {ergonomic}
   size_t SoftMaxHeapSize                          = 3221225472                             {manageable} {ergonomic}
     bool UseCompressedClassPointers               = true                           {product lp64_product} {ergonomic}
     bool UseCompressedOops                        = true                           {product lp64_product} {ergonomic}
     bool UseG1GC                                  = true                                      {product} {ergonomic}

Logging:
Log output configuration:
 #0: stdout all=warning uptime,level,tags
 #1: stderr all=off uptime,level,tags

Environment Variables:
PATH=/home/nestor/xtv-ghidra/maven/bin:/usr/local/sbin:/usr/local/bin:/usr/sbin:/usr/bin:/sbin:/bin:/usr/games:/usr/local/games:/snap/bin
SHELL=/bin/bash
LANG=en_US.UTF-8

Active Locale:
LC_ALL=en_US.UTF-8
LC_COLLATE=en_US.UTF-8
LC_CTYPE=en_US.UTF-8
LC_MESSAGES=en_US.UTF-8
LC_MONETARY=en_US.UTF-8
LC_NUMERIC=en_US.UTF-8
LC_TIME=en_US.UTF-8

Signal Handlers:
   SIGSEGV: crash_handler in libjvm.so, mask=11100100010111111101111111111110, flags=SA_RESTART|SA_SIGINFO, unblocked
    SIGBUS: crash_handler in libjvm.so, mask=11100100010111111101111111111110, flags=SA_RESTART|SA_SIGINFO, unblocked
    SIGFPE: crash_handler in libjvm.so, mask=11100100010111111101111111111110, flags=SA_RESTART|SA_SIGINFO, unblocked
   SIGPIPE: javaSignalHandler in libjvm.so, mask=11100100010111111101111111111110, flags=SA_RESTART|SA_SIGINFO, blocked
   SIGXFSZ: javaSignalHandler in libjvm.so, mask=11100100010111111101111111111110, flags=SA_RESTART|SA_SIGINFO, blocked
    SIGILL: crash_handler in libjvm.so, mask=11100100010111111101111111111110, flags=SA_RESTART|SA_SIGINFO, unblocked
   SIGUSR2: SR_handler in libjvm.so, mask=00000000000000000000000000000000, flags=SA_RESTART|SA_SIGINFO, blocked
    SIGHUP: UserHandler in libjvm.so, mask=11100100010111111101111111111110, flags=SA_RESTART|SA_SIGINFO, blocked
    SIGINT: UserHandler in libjvm.so, mask=11100100010111111101111111111110, flags=SA_RESTART|SA_SIGINFO, blocked
   SIGTERM: UserHandler in libjvm.so, mask=11100100010111111101111111111110, flags=SA_RESTART|SA_SIGINFO, blocked
   SIGQUIT: UserHandler in libjvm.so, mask=11100100010111111101111111111110, flags=SA_RESTART|SA_SIGINFO, blocked
   SIGTRAP: crash_handler in libjvm.so, mask=11100100010111111101111111111110, flags=SA_RESTART|SA_SIGINFO, unblocked


Periodic native trim disabled


---------------  S Y S T E M  ---------------

OS:
DISTRIB_ID=Ubuntu
DISTRIB_RELEASE=26.04
DISTRIB_CODENAME=resolute
DISTRIB_DESCRIPTION="Ubuntu 26.04 LTS"
uname: Linux 7.0.0-28-generic #28-Ubuntu SMP PREEMPT_DYNAMIC Sun Jun 21 01:01:36 UTC 2026 x86_64
OS uptime: 1 days 0:46 hours
libc: glibc 2.43 NPTL 2.43 
rlimit (soft/hard): STACK 8192k/infinity , CORE 0k/infinity , NPROC 125108/125108 , NOFILE 524288/524288 , AS infinity/infinity , CPU infinity/infinity , DATA infinity/infinity , FSIZE infinity/infinity , MEMLOCK 8192k/8192k
load average: 0.87 0.55 0.41

/proc/meminfo:
MemTotal:       32073304 kB
MemFree:        25862352 kB
MemAvailable:   28791204 kB
Buffers:          523604 kB
Cached:          2726920 kB
SwapCached:            0 kB
Active:          2874508 kB
Inactive:        2129104 kB
Active(anon):    1940192 kB
Inactive(anon):        0 kB
Active(file):     934316 kB
Inactive(file):  2129104 kB
Unevictable:      151592 kB
Mlocked:              80 kB
SwapTotal:       8388604 kB
SwapFree:        8388604 kB
Zswap:                 0 kB
Zswapped:              0 kB
Dirty:               228 kB
Writeback:             0 kB
AnonPages:       1904692 kB
Mapped:           487724 kB
Shmem:            187352 kB
KReclaimable:     331380 kB
Slab:             567268 kB
SReclaimable:     331380 kB
SUnreclaim:       235888 kB
KernelStack:       12144 kB
PageTables:        27932 kB
SecPageTables:      3816 kB
NFS_Unstable:          0 kB
Bounce:                0 kB
WritebackTmp:          0 kB
CommitLimit:    24425256 kB
Committed_AS:    7723284 kB
VmallocTotal:   34359738367 kB
VmallocUsed:      212280 kB
VmallocChunk:          0 kB
Percpu:            19824 kB
HardwareCorrupted:     0 kB
AnonHugePages:   1046528 kB
ShmemHugePages:   141312 kB
ShmemPmdMapped:        0 kB
FileHugePages:     53248 kB
FilePmdMapped:         0 kB
CmaTotal:              0 kB
CmaFree:               0 kB
Unaccepted:            0 kB
Balloon:               0 kB
HugePages_Total:       0
HugePages_Free:        0
HugePages_Rsvd:        0
HugePages_Surp:        0
Hugepagesize:       2048 kB
Hugetlb:               0 kB
DirectMap4k:      437756 kB
DirectMap2M:     6639616 kB
DirectMap1G:    26214400 kB

/sys/kernel/mm/transparent_hugepage/enabled: always [madvise] never
/sys/kernel/mm/transparent_hugepage/hpage_pmd_size: 2097152
/sys/kernel/mm/transparent_hugepage/defrag (defrag/compaction efforts parameter): always defer defer+madvise [madvise] never

Process Memory:
Virtual Size: 8592712K (peak: 8596784K)
Resident Set Size: 1250324K (peak: 1250324K) (anon: 1221492K, file: 26576K, shmem: 2256K)
Swapped out: 0K
C-Heap outstanding allocations: 70865K, retained: 61862K
glibc malloc tunables: (default)

/proc/sys/kernel/threads-max (system-wide limit on the number of threads): 250217
/proc/sys/vm/max_map_count (maximum number of memory map areas a process may have): 1048576
/proc/sys/vm/swappiness (control to define how aggressively the kernel swaps out anonymous memory): 60
/proc/sys/kernel/pid_max (system-wide limit on number of process identifiers): 4194304

container information not found.
Steal ticks since vm start: 0
Steal ticks percentage since vm start:  0.000

CPU: total 12 (initial active 12) (6 cores per cpu, 2 threads per core) family 6 model 158 stepping 10 microcode 0xfa, cx8, cmov, fxsr, ht, mmx, 3dnowpref, sse, sse2, sse3, ssse3, sse4.1, sse4.2, popcnt, lzcnt, tsc, tscinvbit, avx, avx2, aes, erms, clmul, bmi1, bmi2, adx, fma, vzeroupper, clflush, clflushopt
CPU Model and flags from /proc/cpuinfo:
model name	: Intel(R) Core(TM) i7-9750H CPU @ 2.60GHz
flags		: fpu vme de pse tsc msr pae mce cx8 apic sep mtrr pge mca cmov pat pse36 clflush dts acpi mmx fxsr sse sse2 ss ht tm pbe syscall nx pdpe1gb rdtscp lm constant_tsc art arch_perfmon pebs bts rep_good nopl xtopology nonstop_tsc cpuid aperfmperf pni pclmulqdq dtes64 monitor ds_cpl vmx est tm2 ssse3 sdbg fma cx16 xtpr pdcm pcid sse4_1 sse4_2 x2apic movbe popcnt tsc_deadline_timer aes xsave avx f16c rdrand lahf_lm abm 3dnowprefetch cpuid_fault epb pti ssbd ibrs ibpb stibp tpr_shadow flexpriority ept vpid ept_ad fsgsbase tsc_adjust sgx bmi1 avx2 smep bmi2 erms invpcid mpx rdseed adx smap clflushopt intel_pt xsaveopt xsavec xgetbv1 xsaves dtherm ida arat pln pts hwp hwp_notify hwp_act_window hwp_epp vnmi sgx_lc md_clear flush_l1d arch_capabilities

Online cpus: 0-11
Offline cpus: 
BIOS frequency limitation: <Not Available>
Frequency switch latency (ns): 0
Available cpu frequencies: <Not Available>
Current governor: powersave
Core performance/turbo boost: <Not Available>

Memory: 4k page, physical 32073304k(25862352k free), swap 8388604k(8388604k free)
Page Sizes: 4k

vm_info: OpenJDK 64-Bit Server VM (17.0.19+10-1-26.04.2-Ubuntu) for linux-amd64 JRE (17.0.19+10-1-26.04.2-Ubuntu), built on Apr 26 2026 13:04:16 by "buildd" with gcc 15.2.0

END.
